File Name,Flag,Combined Financing Costs,Financing Cost per Unit,Financing Cost per SF,% of Hard Costs,Total Units,Total SF,Hard Costs,Const Total (Sheet),Const Total (Calculated),Const Loan Interest,Const Origination Fee,Const Credit Enhancement,Const Bond Premium,Const Cost of Issuance,Const Title & Recording,Const Taxes,Const Insurance,Const Other Costs,Const Other Details,Perm Total (Sheet),Perm Total (Calculated),Perm Loan Origination Fee,Perm Credit Enhancement,Perm Title & Recording,Perm Taxes,Perm Insurance,Perm Other Costs,Perm Other Details
25-726.xlsx,Hard Costs Source: Rehab,3349531.0,372170.1111111111,30.320455142073484,21.8216715239171,9.0,110471.0,15349562.0,3252891.0,3252891.0,2326802.0,204404.0,25000.0,80092.0,213435.0,100000.0,5000.0,298158.0,0.0,Specify,96640.0,96640.0,86640.0,10000.0,0.0,0.0,0.0,0.0,Specify
25-819.xlsx,Const Variance ($-30000),7562879.0,840319.8888888889,35.981425618024055,12.526523636311717,9.0,210188.42,60374923.0,7021752.0,6991752.0,4380790.0,608062.0,7500.0,898994.0,53886.0,25000.0,312207.0,705313.0,0.0,,571127.0,571127.0,456127.0,0.0,25000.0,0.0,0.0,90000.0,Misc due dilligence and applicant legal and Misc
25-771.xlsx,Const Variance ($-100000); Perm Costs Empty,7645697.0,849521.8888888889,31.04259085575545,12.433274810931847,9.0,246297.0,61493831.0,7745697.0,7645697.0,5967491.0,609574.0,0.0,600000.0,352805.0,110000.0,5827.0,0.0,0.0,,0.0,0.0,0.0,0.0,0.0,0.0,0.0,0.0,Specify
25-788.xlsx,,13707092.0,1523010.2222222222,64.97884302692145,16.361752469319473,9.0,210947.0,83775207.0,13684592.0,13684592.0,9871883.0,830758.0,0.0,0.0,485033.0,80000.0,75000.0,2341918.0,0.0,Specify,22500.0,22500.0,10000.0,0.0,12500.0,0.0,0.0,0.0,Specify
25-767.xlsx,,4335785.0,481753.8888888889,56.69619740042367,17.577021250926528,9.0,76474.0,24667348.0,4201785.0,4201785.0,3088785.0,245000.0,0.0,210000.0,0.0,0.0,154500.0,450000.0,53500.0,Lender reports & inspections,134000.0,134000.0,82500.0,0.0,5000.0,0.0,0.0,46500.0,Issuer Fee
25-675.xlsx,Perm Variance ($-10000),4379998.0,486666.44444444444,88.26548173226125,22.059792237961403,9.0,49623.0,19855119.0,4245716.0,4245716.0,3225211.0,281064.0,0.0,0.0,172899.0,50000.0,36667.0,450000.0,29875.0,Inspection and Other Lender Costs,144282.0,134282.0,70949.0,0.0,50000.0,13333.0,0.0,0.0,
25-730.xlsx,Const Variance ($-143500),3001912.0,333545.77777777775,52.10386364425313,21.39942971200456,9.0,57614.0,14028000.0,3038412.0,2894912.0,1879140.0,166600.0,15000.0,0.0,236055.0,116958.0,37640.0,443519.0,0.0,,107000.0,107000.0,0.0,107000.0,0.0,0.0,0.0,0.0,Specify
25-823.xlsx,,9181877.0,1020208.5555555555,57.036314393445274,11.11469527780725,9.0,160983.0,82610245.0,8927281.0,8927281.0,6719786.0,602923.0,0.0,93751.0,274571.0,85000.0,86250.0,350000.0,715000.0,"Soils and Survey, Deputy Inspections, Prevailing Wage Consultant, Utilty Connection Fee",254596.0,254596.0,249596.0,0.0,5000.0,0.0,0.0,0.0,Specify
25-835.xlsx,,4465322.0,496146.8888888889,66.14311953784625,11.242342320272773,9.0,67510.0,39718787.0,4329172.0,4329172.0,2596786.0,334434.0,0.0,0.0,185360.0,105000.0,88689.0,938903.0,80000.0,Lender Costs,136150.0,136150.0,16150.0,0.0,15000.0,0.0,0.0,105000.0,Legal and Lender Costs
25-815.xlsx,Const Variance ($-30000),4021108.0,446789.77777777775,36.80016809931184,12.991670724368124,9.0,109268.74,30951431.0,3693680.0,3663680.0,2281699.0,307845.0,7500.0,458031.0,46475.0,25000.0,178548.0,358582.0,0.0,,357428.0,357428.0,242428.0,0.0,25000.0,0.0,0.0,90000.0,Misc due dilligence and applicant legal and Misc
25-680.xlsx,Hard Costs Source: Rehab; Const Variance ($-50000); Perm Variance ($-45000),4140237.0,460026.3333333333,45.538144261862335,45.45222207474882,9.0,90918.0,9108987.0,3951362.0,3901362.0,2758122.0,238875.0,0.0,0.0,248515.0,514350.0,1500.0,140000.0,0.0,,283875.0,238875.0,238875.0,0.0,0.0,0.0,0.0,0.0,
25-792.xlsx,Const Variance ($-20000),2170486.0,241165.11111111112,24.610917089985485,8.191697139624331,9.0,88192.0,26496170.0,2175486.0,2155486.0,1500000.0,346684.0,35000.0,0.0,199302.0,40000.0,34500.0,0.0,0.0,,15000.0,15000.0,0.0,10000.0,5000.0,0.0,0.0,0.0,
25-784.xlsx,,11848619.0,1316513.2222222222,62.85472765081588,16.100379097375217,9.0,188508.0,73592174.0,11610889.0,11610889.0,8421656.0,967480.0,0.0,0.0,275328.0,80000.0,0.0,1846425.0,20000.0,Lender Expenses,237730.0,237730.0,92730.0,0.0,50000.0,0.0,0.0,95000.0,Lender expenses and legal
25-803.xlsx,Const Variance ($-30000),10362424.0,1151380.4444444445,38.99877875063744,14.30791239917249,9.0,265711.5,72424430.0,9699260.0,9669260.0,6556864.0,748060.0,7500.0,1078956.0,57250.0,25000.0,344321.0,851309.0,0.0,,693164.0,693164.0,578164.0,0.0,25000.0,0.0,0.0,90000.0,Misc due dilligence and applicant legal and Misc
25-679.xlsx,Const Variance ($-48000); Perm Variance ($-5918007),15311162.0,1701240.2222222222,53.938751928754115,17.861503778051297,9.0,283862.0,85721573.0,12425937.0,12377937.0,7588810.0,4120599.0,57998.0,0.0,0.0,140000.0,470530.0,0.0,0.0,,8851232.0,2933225.0,2621476.0,311749.0,0.0,0.0,0.0,0.0,
25-696.xlsx,Const Variance ($-120000),4614100.0,512677.77777777775,58.12599992441516,14.884920988880584,9.0,79381.0,30998485.0,4583100.0,4463100.0,3637000.0,315500.0,0.0,0.0,120000.0,100000.0,80000.0,210600.0,0.0,,151000.0,151000.0,101000.0,40000.0,10000.0,0.0,0.0,0.0,Specify
25-747.xlsx,Const Variance ($-3500000); Perm Variance ($-168314),8054631.0,894959.0,54.3057645631068,16.758985407196565,9.0,148320.0,48061567.0,11151237.0,7651237.0,4515097.0,680876.0,415167.0,0.0,247977.0,272742.0,137188.0,1382190.0,0.0,,571708.0,403394.0,403394.0,0.0,0.0,0.0,0.0,0.0,
25-710.xlsx,Hard Costs Source: Rehab,850835.0,94537.22222222222,11.501189542837059,16.31358450771738,9.0,73978.0,5215500.0,579435.0,579435.0,294350.0,81495.0,5000.0,0.0,102340.0,72750.0,0.0,0.0,23500.0,Appraisal & Other Third Party Reports,271400.0,271400.0,131000.0,6550.0,0.0,0.0,0.0,133850.0,Lender Third Party / Financing / Legal Fees
25-706.xlsx,,13848619.0,1538735.4444444445,67.2002086568323,25.44720854413211,9.0,206080.0,54420975.0,13147233.0,13147233.0,9035318.0,1006915.0,0.0,0.0,555000.0,100000.0,1500000.0,950000.0,0.0,Specify,701386.0,701386.0,651386.0,0.0,50000.0,0.0,0.0,0.0,Specify
25-751.xlsx,Const Variance ($-90000),1864017.0,207113.0,57.66308853554414,13.234997159897757,9.0,32326.0,14084000.0,1761881.0,1671881.0,1146922.0,117086.0,140840.0,62109.0,0.0,25000.0,25000.0,154924.0,0.0,,192136.0,192136.0,77136.0,0.0,25000.0,0.0,0.0,90000.0,Legal & Other
25-750.xlsx,Const Variance ($-20900),634465.0,70496.11111111111,23.871811272481,4.507098023175079,9.0,26578.0,14077018.0,645365.0,624465.0,532000.0,57000.0,0.0,0.0,0.0,27925.0,1955.0,5585.0,0.0,,10000.0,10000.0,0.0,0.0,10000.0,0.0,0.0,0.0,Specify
25-707.xlsx,Hard Costs Source: Rehab,3193440.0,354826.6666666667,23.7568255196322,37.10021113884628,9.0,134422.0,8607606.0,3168440.0,3168440.0,1448451.0,112186.0,0.0,0.0,184505.0,90000.0,0.0,150000.0,1183298.0,Soft Loan Accrued Deferred Interest,25000.0,25000.0,0.0,0.0,5000.0,0.0,0.0,20000.0,Legal
25-711.xlsx,Const Variance ($-80000),824500.0,91611.11111111111,24.697459861011264,6.760009733758103,9.0,33384.0,12196728.0,860500.0,780500.0,483600.0,66400.0,0.0,0.0,70000.0,50000.0,15000.0,95500.0,0.0,,44000.0,44000.0,19000.0,15000.0,10000.0,0.0,0.0,0.0,Specify
25-746.xlsx,Const Variance ($-3750000); Perm Variance ($-153140),10892332.0,1210259.111111111,61.48614458851488,18.462315337345053,9.0,177151.0,58997649.0,14147063.0,10397063.0,7009762.0,820727.0,558891.0,0.0,126580.0,285122.0,131700.0,1464281.0,0.0,,648409.0,495269.0,495269.0,0.0,0.0,0.0,0.0,0.0,
25-678.xlsx,Hard Costs Source: Rehab,7304083.0,811564.7777777778,80.35294829482949,20.45394586268339,9.0,90900.0,35709897.0,6996873.0,6996873.0,5467555.0,395159.0,0.0,120130.0,194404.0,114625.0,0.0,650000.0,55000.0,Lender Expense,307210.0,307210.0,287210.0,0.0,20000.0,0.0,0.0,0.0,Specify
25-697.xlsx,,9628606.0,1069845.111111111,62.08759293530478,22.326625062331722,9.0,155081.0,43126115.0,8338918.0,8338918.0,6778339.0,833079.0,0.0,0.0,427500.0,100000.0,0.0,0.0,200000.0,Deputy Inspection,1289688.0,1289688.0,462188.0,0.0,50000.0,777500.0,0.0,0.0,Specify
25-802.xlsx,,5321406.0,591267.3333333334,70.81045908183633,15.55984046371512,9.0,75150.0,34199618.0,5298906.0,5298906.0,3664373.0,337724.0,0.0,0.0,211982.0,80000.0,25000.0,979827.0,0.0,Specify,22500.0,22500.0,10000.0,0.0,12500.0,0.0,0.0,0.0,Specify
25-785.xlsx,,1150008.0,127778.66666666667,54.067136812411846,19.89965797051895,9.0,21270.0,5779034.0,1127508.0,1127508.0,699754.0,71756.0,0.0,0.0,53827.0,80000.0,20000.0,202171.0,0.0,Specify,22500.0,22500.0,10000.0,0.0,12500.0,0.0,0.0,0.0,Specify
25-793.xlsx,Perm Variance ($-100000),3811300.0,423477.77777777775,23.234533882806215,10.354018713789255,9.0,164036.0,36809862.0,3786300.0,3786300.0,3132000.0,383000.0,0.0,0.0,80000.0,60000.0,15000.0,116300.0,0.0,Specify,125000.0,25000.0,25000.0,0.0,0.0,0.0,0.0,0.0,
25-681.xlsx,,9342641.0,1038071.2222222222,54.21051990251828,17.650374195510256,9.0,172340.0,52931688.0,8855641.0,8855641.0,5607095.0,480250.0,0.0,0.0,394553.0,145000.0,180000.0,1581699.0,467044.0,Soft Loan Accrued Interest,487000.0,487000.0,160000.0,0.0,120000.0,0.0,0.0,207000.0,Lender Legal and Expenses
25-814.xlsx,,2185306.0,242811.77777777778,81.4865388917891,14.564783884873675,9.0,26818.0,15004040.0,2152311.0,2152311.0,1291851.0,240455.0,0.0,150002.0,110000.0,60000.0,0.0,0.0,300003.0,Builders Risk,32995.0,32995.0,32995.0,0.0,0.0,0.0,0.0,0.0,Specify
25-834.xlsx,,8939088.0,993232.0,46.468201902583566,17.431588805133973,9.0,192370.0,51280971.0,8906588.0,8906588.0,7855738.0,408750.0,25000.0,0.0,257100.0,35000.0,200000.0,0.0,125000.0,Lender Inspections,32500.0,32500.0,0.0,0.0,32500.0,0.0,0.0,0.0,Specify
25-822.xlsx,Const Variance ($-578147); Perm Variance ($-47500),10271146.0,1141238.4444444445,68.24364315281017,11.364427193046852,9.0,150507.0,90379795.0,10834293.0,10256146.0,7534895.0,468744.0,0.0,0.0,269987.0,30000.0,52102.0,1900418.0,0.0,,62500.0,15000.0,0.0,0.0,15000.0,0.0,0.0,0.0,
25-674.xlsx,Hard Costs Source: Rehab; Const Variance ($-40759); Perm Variance ($-10000),6072598.0,674733.1111111111,85.54159740808565,36.98703059815027,9.0,70990.0,16418182.0,5971246.0,5930487.0,4716225.0,411000.0,0.0,0.0,213262.0,60000.0,80000.0,450000.0,0.0,,152111.0,142111.0,112111.0,0.0,30000.0,0.0,0.0,0.0,
25-731.xlsx,Const Variance ($-143500),2827169.0,314129.8888888889,56.0479164188573,19.988468608597284,9.0,50442.0,14144000.0,2863669.0,2720169.0,1695856.0,147000.0,15000.0,0.0,236510.0,121978.0,39079.0,464746.0,0.0,,107000.0,107000.0,0.0,107000.0,0.0,0.0,0.0,0.0,Specify
25-789.xlsx,Const Variance ($-50000); Perm Variance ($-30000),2603055.0,289228.3333333333,68.61882166864373,12.56388174137803,9.0,37935.0,20718557.0,2619785.0,2569785.0,1610670.0,171813.0,0.0,176859.0,205443.0,100000.0,8000.0,297000.0,0.0,,63270.0,33270.0,18270.0,0.0,15000.0,0.0,0.0,0.0,
25-766.xlsx,,5235655.0,581739.4444444445,48.49175696952857,10.139102509072297,9.0,107970.0,51638249.0,5001975.0,5001975.0,2742748.0,620822.0,0.0,0.0,146473.0,80000.0,26384.0,1121099.0,264449.0,Soft Loan Accrued Deferred Interest,233680.0,233680.0,143680.0,0.0,25000.0,0.0,0.0,65000.0,Legal
25-770.xlsx,,4414320.0,490480.0,81.14558823529411,21.339431308158304,9.0,54400.0,20686212.0,4389320.0,4389320.0,3535138.0,249115.0,15000.0,188788.0,62279.0,100000.0,0.0,214000.0,25000.0,Employment Reporting,25000.0,25000.0,0.0,0.0,10000.0,0.0,0.0,15000.0,Legal for Perm Loan
25-818.xlsx,Const Variance ($-20000); Perm Variance ($-177297),788672.0,87630.22222222222,14.209026213854608,4.738551773385001,9.0,55505.0,16643735.0,793672.0,773672.0,500000.0,183682.0,35000.0,0.0,0.0,40000.0,14990.0,0.0,0.0,,192297.0,15000.0,0.0,10000.0,5000.0,0.0,0.0,0.0,
25-727.xlsx,Hard Costs Source: Rehab,935779.0,103975.44444444444,28.73572854291417,17.89902641494998,9.0,32565.0,5228100.0,871925.0,871925.0,515289.0,97484.0,0.0,0.0,94943.0,25000.0,0.0,68209.0,71000.0,"Lender Legal, Inspections Fee, Recycled Bonds Fees",63854.0,63854.0,63854.0,0.0,0.0,0.0,0.0,0.0,Specify
25-813.xlsx,,10575500.0,1175055.5555555555,41.05268469923294,19.86370368188788,9.0,257608.0,53240323.0,10505500.0,10505500.0,8033500.0,710000.0,0.0,0.0,462000.0,100000.0,0.0,1200000.0,0.0,Specify,70000.0,70000.0,70000.0,0.0,0.0,0.0,0.0,0.0,Specify
25-686.xlsx,Const Variance ($-120000),12803000.0,1422555.5555555555,52.013211510101605,12.507002402295944,9.0,246149.0,102366655.0,12718000.0,12598000.0,10854000.0,691000.0,0.0,0.0,180000.0,150000.0,120000.0,603000.0,0.0,,205000.0,205000.0,155000.0,40000.0,10000.0,0.0,0.0,0.0,Specify
25-794.xlsx,,12510179.0,1390019.888888889,54.1343560007789,24.324854936690755,9.0,231095.0,51429614.0,8481108.0,8481108.0,1953531.0,594750.0,137500.0,1560506.0,0.0,111000.0,100000.0,1975000.0,2048821.0,Const Loan Interest Soft Debt,4029071.0,4029071.0,0.0,82855.0,25000.0,0.0,0.0,3921216.0,Perm Period Interest Const Lender & Soft Debt
25-782.xlsx,,6682485.0,742498.3333333334,56.78425757550008,17.513113439943293,9.0,117682.0,38157036.0,5807647.0,5807647.0,4530000.0,487000.0,0.0,0.0,0.0,45000.0,0.0,0.0,745647.0,"loan fees, legal, and inspection costs",874838.0,874838.0,409485.0,0.0,80000.0,0.0,0.0,385353.0,"issuance, legal costs and partnership legal"
25-805.xlsx,Const Variance ($-50000),10024226.0,1113802.888888889,85.36777830767134,20.90166289580589,9.0,117424.0,47958988.0,9498195.0,9448195.0,7911230.0,660095.0,0.0,408435.0,0.0,60000.0,0.0,408435.0,0.0,,576031.0,576031.0,66031.0,0.0,0.0,185000.0,0.0,325000.0,Perm Loan Legal and Other
25-690.xlsx,Const Variance ($-25000); Perm Variance ($-15000),5021320.0,557924.4444444445,59.03476492234619,13.938611947069182,9.0,85057.0,36024534.0,5036320.0,5011320.0,3634166.0,306950.0,15000.0,325466.0,76738.0,100000.0,0.0,553000.0,0.0,,25000.0,10000.0,0.0,0.0,10000.0,0.0,0.0,0.0,
25-741.xlsx,Const Variance ($-120000),8889200.0,987688.8888888889,57.69809949112057,12.19156407184525,9.0,154064.0,72912712.0,8777200.0,8657200.0,7183000.0,579500.0,0.0,0.0,150000.0,120000.0,80000.0,544700.0,0.0,,232000.0,232000.0,182000.0,40000.0,10000.0,0.0,0.0,0.0,Specify
25-829.xlsx,Hard Costs Source: Rehab; Perm Variance ($-186500),2947477.0,327497.44444444444,31.115818254755823,35.48034746575654,9.0,94726.0,8307351.0,2947477.0,2947477.0,2037086.0,318800.0,102340.0,82251.0,0.0,100000.0,2000.0,200000.0,105000.0,Construction Monitoring/Admin,186500.0,0.0,0.0,0.0,0.0,0.0,0.0,0.0,
25-716.xlsx,Hard Costs Source: Rehab,968750.0,107638.88888888889,15.739747839084941,17.98477675670658,9.0,61548.0,5386500.0,767500.0,767500.0,251128.0,85071.0,0.0,68139.0,349662.0,0.0,0.0,0.0,13500.0,Third Party Reports,201250.0,201250.0,89000.0,0.0,27250.0,0.0,35000.0,50000.0,Lender Third Party
25-700.xlsx,,7236772.0,804085.7777777778,66.66026786536726,15.458782281237882,9.0,108562.0,46813338.0,7186772.0,7186772.0,6295958.0,364799.0,75000.0,0.0,51015.0,100000.0,0.0,300000.0,0.0,Specify,50000.0,50000.0,25000.0,0.0,25000.0,0.0,0.0,0.0,Specify
25-757.xlsx,,4384400.0,487155.55555555556,47.91379800231679,15.688463554665766,9.0,91506.0,27946650.0,4124409.0,4124409.0,1751431.0,238302.0,35000.0,0.0,604280.0,50000.0,0.0,1430396.0,15000.0,Construction Loan Appraisal,259991.0,259991.0,156661.0,0.0,25000.0,0.0,0.0,78330.0,Permanent Loan Appraisal and Closeout
25-720.xlsx,Const Variance ($-20000),4956581.0,550731.2222222222,231.7133841335141,11.809238726465237,9.0,21391.0,41972062.0,4961581.0,4941581.0,4024603.0,554606.0,35000.0,0.0,227372.0,40000.0,60000.0,0.0,0.0,,15000.0,15000.0,0.0,10000.0,5000.0,0.0,0.0,0.0,Specify
25-798.xlsx,,13938933.0,1548770.3333333333,49.33087839750849,18.941493076245617,9.0,282560.0,73589410.0,9306240.0,9306240.0,4100800.0,1001950.0,1578000.0,140490.0,0.0,140000.0,65000.0,2280000.0,0.0,Specify,4632693.0,4632693.0,0.0,30000.0,40000.0,0.0,0.0,4562693.0,Post CofO Construction Lender Interest
25-777.xlsx,Hard Costs Source: Rehab; Const Variance ($-26000); Perm Variance ($-148199),4144250.0,460472.22222222225,18.67166169566667,27.292094726305255,9.0,221954.0,15184800.0,4160250.0,4134250.0,3742675.0,316575.0,0.0,0.0,0.0,75000.0,0.0,0.0,0.0,,158199.0,10000.0,10000.0,0.0,0.0,0.0,0.0,0.0,
25-761.xlsx,Hard Costs Source: Rehab,8009061.0,889895.6666666666,41.62367474638284,56.491340999281825,9.0,192416.0,14177502.0,7796481.0,7796481.0,6672202.0,232487.0,0.0,0.0,217547.0,30000.0,0.0,404967.0,239278.0,"Specify Lender Expenses, Predev Loan Interest",212580.0,212580.0,182580.0,0.0,15000.0,0.0,0.0,15000.0,Specify Lender Expenses
25-673.xlsx,,9482808.0,1053645.3333333333,71.04131612265232,17.2616853490923,9.0,133483.0,54935586.0,9382695.0,9382695.0,5652628.0,421959.0,0.0,553968.0,673891.0,136680.0,118594.0,1083004.0,741971.0,LAHD ULA + HHH Interest,100113.0,100113.0,60113.0,0.0,20000.0,0.0,0.0,20000.0,Legal Expenses
25-736.xlsx,Const Variance ($-175500),3079789.0,342198.77777777775,67.86217306039707,21.937381579884608,9.0,45383.0,14039000.0,3148289.0,2972789.0,2000540.0,161000.0,15000.0,0.0,246864.0,85142.0,35961.0,428282.0,0.0,,107000.0,107000.0,0.0,107000.0,0.0,0.0,0.0,0.0,Specify
25-809.xlsx,,3484126.0,387125.1111111111,35.353891425672245,5.1206037884748605,9.0,98550.0,68041312.0,3373832.0,3373832.0,2102837.0,349816.0,0.0,0.0,465474.0,61233.0,88309.0,306163.0,0.0,Specify,110294.0,110294.0,94987.0,0.0,15307.0,0.0,0.0,0.0,Specify
25-825.xlsx,Const Variance ($-501433); Perm Variance ($-15000),5862233.0,651359.2222222222,45.251435761262236,15.904801257574286,9.0,129548.0,36858260.0,6228345.0,5726912.0,4113566.0,462000.0,0.0,0.0,492440.0,130000.0,0.0,528906.0,0.0,,150321.0,135321.0,122571.0,0.0,12750.0,0.0,0.0,0.0,
25-833.xlsx,,9212855.0,1023650.5555555555,39.381778000059846,29.63149330860626,9.0,233937.0,31091430.0,8990485.0,8990485.0,6834278.0,472912.0,0.0,0.0,503295.0,70000.0,25000.0,1060000.0,25000.0,Const Lender Expenses,222370.0,222370.0,174870.0,0.0,12500.0,0.0,0.0,35000.0,Perm Lender Legal&Expenses
25-832.xlsx,Const Variance ($-30000),7919787.0,879976.3333333334,35.79564745762712,13.173767329708674,9.0,221250.0,60117860.0,7338188.0,7308188.0,4670050.0,633761.0,7500.0,895138.0,54272.0,25000.0,317332.0,705135.0,0.0,,611599.0,611599.0,496599.0,0.0,25000.0,0.0,0.0,90000.0,Misc due dilligence and applicant legal and Misc
25-824.xlsx,Const Variance ($-57000); Perm Variance ($-7500),3695293.0,410588.1111111111,38.7680501059611,12.778233923213294,9.0,95318.0,28918652.0,3664293.0,3607293.0,2327000.0,288557.0,0.0,0.0,168460.0,0.0,5000.0,818276.0,0.0,,95500.0,88000.0,10000.0,0.0,78000.0,0.0,0.0,0.0,
25-808.xlsx,Const Variance ($-4500000),2607147.0,289683.0,72.04849941966506,22.274192407414812,9.0,36186.0,11704788.0,7084647.0,2584647.0,1878590.0,139219.0,0.0,0.0,100619.0,80000.0,25000.0,361219.0,0.0,,22500.0,22500.0,10000.0,0.0,12500.0,0.0,0.0,0.0,Specify
25-737.xlsx,Const Variance ($-120000),14340750.0,1593416.6666666667,76.83354139096798,17.25210977215221,9.0,186647.0,83124616.0,14242000.0,14122000.0,12635000.0,535000.0,0.0,0.0,150000.0,120000.0,80000.0,602000.0,0.0,,218750.0,218750.0,168750.0,40000.0,10000.0,0.0,0.0,0.0,Specify
25-760.xlsx,Const Variance ($-45000); Perm Variance ($-35000),10150890.0,1127876.6666666667,76.69210253930598,16.405830104644664,9.0,132359.0,61873675.0,10102000.0,10057000.0,8208063.0,590568.0,0.0,488520.0,266661.0,100000.0,0.0,403188.0,0.0,,128890.0,93890.0,68890.0,0.0,25000.0,0.0,0.0,0.0,
25-799.xlsx,,11031305.0,1225700.5555555555,67.13142937124218,22.39539663585008,9.0,164324.0,49257020.0,10916305.0,10916305.0,7205759.0,680000.0,28267.0,605414.0,400000.0,167772.0,0.0,754093.0,1075000.0,Construction Rate Cap Premium,115000.0,115000.0,10000.0,70000.0,35000.0,0.0,0.0,0.0,Specify
25-776.xlsx,,22031913.0,2447990.3333333335,52.80380643321246,16.700475560654052,9.0,417241.0,131923866.0,21777301.0,21777301.0,16016345.0,943728.0,0.0,0.0,319228.0,18000.0,500000.0,1000000.0,2980000.0,Bond Counsel and Fees,254612.0,254612.0,159612.0,30000.0,0.0,0.0,0.0,65000.0,Perm Legal
25-721.xlsx,,4078394.0,453154.8888888889,66.59472257600993,14.25736112860967,9.0,61242.0,28605532.0,3728496.0,3728496.0,2509803.0,322518.0,75000.0,261445.0,93541.0,25000.0,33750.0,317439.0,90000.0,Lender Inspections,349898.0,349898.0,234898.0,15000.0,25000.0,0.0,0.0,75000.0,Perm Loan Legal - Lender and Applicant
25-756.xlsx,,3392054.0,376894.8888888889,63.476439986526444,14.054338710800124,9.0,53438.0,24135280.0,3309184.0,3309184.0,1913827.0,162945.0,50000.0,0.0,103627.0,95000.0,123785.0,700000.0,160000.0,Applicant Legal,82870.0,82870.0,17870.0,10000.0,20000.0,0.0,0.0,35000.0,Permanent -Legal Lender + Owner Costs
25-701.xlsx,Const Variance ($-120000),15462800.0,1718088.888888889,59.35360049132504,16.466071302706073,9.0,260520.0,93907039.0,15227800.0,15107800.0,12960000.0,980000.0,0.0,0.0,170000.0,120000.0,180000.0,697800.0,0.0,,355000.0,355000.0,305000.0,40000.0,10000.0,0.0,0.0,0.0,Specify
25-717.xlsx,,8281551.0,920172.3333333334,32.49425571485745,11.549152802376337,9.0,254862.0,71707000.0,8097051.0,8097051.0,6806127.0,822824.0,0.0,447200.0,20900.0,0.0,0.0,0.0,0.0,Specify,184500.0,184500.0,0.0,0.0,109500.0,0.0,75000.0,0.0,Specify
25-828.xlsx,Const Variance ($-24000); Perm Variance ($-154353),7932700.0,881411.1111111111,74.91170415698717,22.03527777777778,9.0,105894.0,36000000.0,7956700.0,7932700.0,7033400.0,624300.0,0.0,0.0,0.0,200000.0,75000.0,0.0,0.0,,154353.0,0.0,0.0,0.0,0.0,0.0,0.0,0.0,
25-740.xlsx,Hard Costs Source: Rehab,1911511.0,212390.11111111112,32.198750126334936,26.664048866836755,9.0,59366.0,7168870.0,1827661.0,1827661.0,1260688.0,134830.0,0.0,0.0,257143.0,75000.0,0.0,75000.0,25000.0,Lender Expense,83850.0,83850.0,53850.0,0.0,20000.0,0.0,0.0,10000.0,Lender Expense
25-691.xlsx,Hard Costs Source: Rehab; Const Variance ($-42500),773800.0,85977.77777777778,10.552585642592188,7.199056996100898,9.0,73328.0,10748630.0,516300.0,473800.0,100000.0,40000.0,35000.0,0.0,223800.0,75000.0,0.0,0.0,0.0,,300000.0,300000.0,300000.0,0.0,0.0,0.0,0.0,0.0,Specify
25-804.xlsx,Hard Costs Source: Rehab,3531740.0,392415.55555555556,38.44949593920787,37.60961982628657,9.0,91854.0,9390523.0,3052115.0,3052115.0,2139803.0,363881.0,0.0,93783.0,304648.0,150000.0,0.0,0.0,0.0,Specify,479625.0,479625.0,0.0,0.0,0.0,0.0,0.0,479625.0,Equity Bridge Loan
25-783.xlsx,Hard Costs Source: Rehab; Const Variance ($-190000); Perm Variance ($-229680),912655.0,101406.11111111111,10.444906040422074,13.565516709357963,9.0,87378.0,6727757.0,1092655.0,902655.0,608355.0,195800.0,0.0,0.0,0.0,40000.0,0.0,58500.0,0.0,,239680.0,10000.0,10000.0,0.0,0.0,0.0,0.0,0.0,
25-795.xlsx,,15937089.0,1770787.6666666667,60.11681918657724,19.11009977222212,9.0,265102.0,83396158.0,15550839.0,15550839.0,11380839.0,1080000.0,0.0,650000.0,540000.0,150000.0,250000.0,1500000.0,0.0,Specify,386250.0,386250.0,55000.0,0.0,50000.0,281250.0,0.0,0.0,Specify
25-687.xlsx,,3706168.0,411796.44444444444,70.81759468032254,13.554901427307383,9.0,52334.0,27341903.0,3681168.0,3681168.0,2511376.0,204557.0,15000.0,248096.0,51139.0,100000.0,105000.0,421000.0,25000.0,Employment Reporting,25000.0,25000.0,0.0,0.0,10000.0,0.0,0.0,15000.0,Legal for Perm Loan
25-812.xlsx,Const Variance ($-25000); Perm Variance ($-15000),3164324.0,351591.55555555556,67.25449521785335,15.455999068436688,9.0,47050.0,20473112.0,3179324.0,3154324.0,2188430.0,193604.0,15000.0,186889.0,48401.0,100000.0,105000.0,317000.0,0.0,,25000.0,10000.0,0.0,0.0,10000.0,0.0,0.0,0.0,
25-755.xlsx,,4545488.0,505054.22222222225,36.80884937119905,28.702046523516607,9.0,123489.0,15836808.0,4322188.0,4322188.0,3413575.0,425000.0,0.0,0.0,129893.0,25000.0,0.0,0.0,328720.0,"Performance Deposit, Trustee Fees, Filing Fees",223300.0,223300.0,208300.0,0.0,15000.0,0.0,0.0,0.0,Specify
25-702.xlsx,Const Variance ($-254850); Perm Variance ($-10000),7500363.0,833373.6666666666,60.742996671444885,11.95602644745268,9.0,123477.0,62732907.4,7664053.0,7409203.0,5128897.0,568993.0,0.0,0.0,147267.0,100700.0,363346.0,1100000.0,0.0,,101160.0,91160.0,66160.0,0.0,25000.0,0.0,0.0,0.0,
25-714.xlsx,Const Variance ($-587648),10039764.0,1115529.3333333333,69.89045596937,16.030573001233154,9.0,143650.0,62628853.0,10104862.0,9517214.0,8394674.0,592540.0,105000.0,0.0,0.0,75000.0,350000.0,0.0,0.0,,522550.0,522550.0,497550.0,25000.0,0.0,0.0,0.0,0.0,Specify
25-743.xlsx,Const Variance ($-20000),3988208.0,443134.22222222225,39.840247739873135,7.873400117921116,9.0,100105.0,50654202.0,3993208.0,3973208.0,2924789.0,529444.0,35000.0,0.0,223975.0,40000.0,220000.0,0.0,0.0,,15000.0,15000.0,0.0,10000.0,5000.0,0.0,0.0,0.0,Specify
25-738.xlsx,Const Variance ($-100000),3731600.0,414622.22222222225,41.74516165119141,9.504404739915618,9.0,89390.0,39261796.0,3717600.0,3617600.0,2760000.0,360000.0,0.0,0.0,80000.0,100000.0,80000.0,237600.0,0.0,,114000.0,114000.0,64000.0,40000.0,10000.0,0.0,0.0,0.0,Specify
25-692.xlsx,Const Variance ($-80000),862350.0,95816.66666666667,38.72423548430554,6.7364394150488005,9.0,22269.0,12801273.0,891300.0,811300.0,474000.0,126000.0,0.0,0.0,50000.0,60000.0,15000.0,86300.0,0.0,,51050.0,51050.0,26050.0,15000.0,10000.0,0.0,0.0,0.0,Specify
25-807.xlsx,Perm Variance ($-37500),8227341.0,914149.0,141.90698035427843,16.769149158813466,9.0,57977.0,49062364.0,8014500.0,8014500.0,6995000.0,404500.0,0.0,0.0,360000.0,130000.0,125000.0,0.0,0.0,Specify,250341.0,212841.0,212841.0,0.0,0.0,0.0,0.0,0.0,
25-780.xlsx,Hard Costs Source: Rehab; Perm Costs Empty,8757751.0,973083.4444444445,48.53176432775112,15.943765588304903,9.0,180454.0,54929000.0,8757751.0,8757751.0,6327000.0,543850.0,22200.0,0.0,642400.0,147250.0,254670.0,640381.0,180000.0,Lender Application / DD / Inspection,0.0,0.0,0.0,0.0,0.0,0.0,0.0,0.0,Specify
25-779.xlsx,,11612463.0,1290273.6666666667,74.7286785289102,15.706234416373338,9.0,155395.0,73935373.0,10262463.0,10262463.0,2100000.0,550000.0,0.0,0.0,750000.0,0.0,0.0,700000.0,6162463.0,"B Bond interest, cap bond interest, construction services, Construction service fee, taxable construction loan",1350000.0,1350000.0,250000.0,0.0,0.0,0.0,0.0,1100000.0,Interest prior to conversion
25-796.xlsx,Hard Costs Source: Rehab,7211784.0,801309.3333333334,94.01238414308249,26.29081391061942,9.0,76711.0,27430813.0,6918598.0,6918598.0,5419256.0,140525.0,0.0,154669.0,387248.0,117900.0,0.0,650000.0,49000.0,Lender Expenses,293186.0,293186.0,267487.0,0.0,15000.0,0.0,0.0,10699.0,Monitoring Fee
25-684.xlsx,,5209956.0,578884.0,101.18580667715435,30.16666208276215,9.0,51489.0,17270575.0,4836921.0,4836921.0,3246427.0,303068.0,449280.0,0.0,648146.0,190000.0,0.0,0.0,0.0,Specify,373035.0,373035.0,180535.0,0.0,105000.0,87500.0,0.0,0.0,Specify
25-811.xlsx,Hard Costs Source: Rehab,1904778.0,211642.0,14.949988226983754,20.10956503378378,9.0,127410.0,9472000.0,1879778.0,1879778.0,1310652.0,128913.0,0.0,0.0,120213.0,45000.0,0.0,250000.0,25000.0,Lender Expenses,25000.0,25000.0,0.0,0.0,25000.0,0.0,0.0,0.0,Specify
25-759.xlsx,Const Variance ($-100000); Perm Costs Empty,3344662.0,371629.1111111111,28.322990939114234,11.006528106635834,9.0,118090.0,30387984.0,3444662.0,3344662.0,2524465.0,350615.0,0.0,0.0,281457.0,110000.0,78125.0,0.0,0.0,,0.0,0.0,0.0,0.0,0.0,0.0,0.0,0.0,Specify
25-831.xlsx,Hard Costs Source: Rehab,3620465.0,402273.8888888889,93.72158943826042,37.165481767026584,9.0,38630.0,9741472.0,3558305.0,3558305.0,2346893.0,665071.0,0.0,131510.0,0.0,82081.0,17500.0,200000.0,115250.0,Third-Party Reports,62160.0,62160.0,0.0,0.0,62160.0,0.0,0.0,0.0,Specify
25-827.xlsx,Hard Costs Source: Rehab,2825875.0,313986.1111111111,18.062595478398713,9.880681818181818,9.0,156449.0,28600000.0,2815875.0,2815875.0,2345000.0,335000.0,0.0,21875.0,15000.0,75000.0,0.0,0.0,24000.0,Bank consulting - Const inspection,10000.0,10000.0,0.0,0.0,10000.0,0.0,0.0,0.0,Specify
25-718.xlsx,,7221933.0,802437.0,101.64292349265327,16.863562612196155,9.0,71052.0,42825666.0,7120803.0,7120803.0,4918229.0,387361.0,0.0,0.0,227213.0,80000.0,8000.0,1500000.0,0.0,Specify,101130.0,101130.0,76130.0,0.0,25000.0,0.0,0.0,0.0,Specify
25-734.xlsx,Const Variance ($-175500),2938635.0,326515.0,58.59340418319941,21.98552859805432,9.0,50153.0,13366224.0,3007135.0,2831635.0,1823018.0,156600.0,15000.0,0.0,243121.0,112909.0,37468.0,443519.0,0.0,,107000.0,107000.0,0.0,107000.0,0.0,0.0,0.0,0.0,Specify
25-763.xlsx,,20135500.0,2237277.777777778,42.04645354749659,20.86580310880829,9.0,478887.0,96500000.0,20065500.0,20065500.0,15125000.0,1100000.0,0.0,0.0,513000.0,127500.0,0.0,1200000.0,2000000.0,Construction Interest Rate Cap Premium,70000.0,70000.0,10000.0,50000.0,10000.0,0.0,0.0,0.0,Specify
25-775.xlsx,Hard Costs Source: Rehab,3806627.0,422958.55555555556,138.49330568289312,28.97501442232417,9.0,27486.0,13137619.0,3784127.0,3784127.0,2944589.0,168129.0,0.0,0.0,103080.0,80000.0,45000.0,443329.0,0.0,Specify,22500.0,22500.0,10000.0,0.0,12500.0,0.0,0.0,0.0,Specify
25-722.xlsx,,1595773.0,177308.11111111112,45.40153067030841,11.295297684757474,9.0,35148.0,14127764.0,1585773.0,1585773.0,896980.0,132732.0,0.0,247848.0,240000.0,50000.0,18213.0,0.0,0.0,,10000.0,10000.0,0.0,0.0,10000.0,0.0,0.0,0.0,Specify
25-688.xlsx,Hard Costs Source: Rehab,3911172.0,434574.6666666667,43.638323273120825,30.120723262949745,9.0,89627.0,12984987.0,3697562.0,3697562.0,2297884.0,230807.0,153871.0,0.0,0.0,100000.0,0.0,800000.0,115000.0,Lender Expenses & Legal Fees,213610.0,213610.0,73610.0,0.0,30000.0,0.0,0.0,110000.0,Lender Expenses & Legal Fees
25-723.xlsx,Hard Costs Source: Rehab,1361835.0,151315.0,37.4264160277022,18.237202347393573,9.0,36387.0,7467346.0,1308451.0,1308451.0,875325.0,107385.0,0.0,53219.0,124368.0,60000.0,0.0,45000.0,43154.0,Const. Lender Expenses,53384.0,53384.0,17712.0,0.0,10000.0,0.0,0.0,25672.0,Perm Lender Expenses
25-689.xlsx,Const Variance ($-180573); Perm Variance ($-15000),3774694.0,419410.44444444444,46.69743792757908,11.327388917920697,9.0,80833.0,33323602.0,3945267.0,3764694.0,2541153.0,145000.0,15000.0,301398.0,45143.0,100000.0,105000.0,512000.0,0.0,,25000.0,10000.0,0.0,0.0,10000.0,0.0,0.0,0.0,
25-774.xlsx,Hard Costs Source: Rehab,4205676.0,467297.3333333333,55.17522040302267,22.00827304794578,9.0,76224.0,19109523.0,3283653.0,3283653.0,2515903.0,262000.0,0.0,0.0,300000.0,75000.0,0.0,0.0,130750.0,Construction Loan Taxable Interest + SDHC Monitoring During Const.,922023.0,922023.0,125714.0,0.0,0.0,0.0,0.0,796309.0,Interest Prior to Conversion
25-762.xlsx,Const Variance ($-77500); Perm Variance ($-15000),3596032.0,399559.1111111111,46.31853368883393,12.599304921172532,9.0,77637.0,28541511.0,3605164.0,3527664.0,2382000.0,194560.0,0.0,0.0,161630.0,0.0,5000.0,784474.0,0.0,,83368.0,68368.0,10000.0,0.0,58368.0,0.0,0.0,0.0,
25-735.xlsx,Const Variance ($-163500),5728593.0,636510.3333333334,64.68016665161232,23.68851259148989,9.0,88568.0,24183000.0,5785093.0,5621593.0,3936035.0,294250.0,15000.0,0.0,286883.0,221352.0,69163.0,798910.0,0.0,,107000.0,107000.0,0.0,107000.0,0.0,0.0,0.0,0.0,Specify
25-719.xlsx,Perm Variance ($-12000),5670750.0,630083.3333333334,81.85380851340233,16.60547562685433,9.0,69279.0,34149880.0,5589750.0,5589750.0,4835000.0,234750.0,0.0,0.0,85000.0,75000.0,10000.0,350000.0,0.0,Specify,93000.0,81000.0,56000.0,15000.0,10000.0,0.0,0.0,0.0,
25-826.xlsx,Const Variance ($-30000),12656614.0,1406290.4444444445,42.346627860978856,15.103328617630494,9.0,298881.272,83800163.0,11880840.0,11850840.0,8141440.0,904751.0,7500.0,1249592.0,61330.0,25000.0,480089.0,981138.0,0.0,,805774.0,805774.0,690774.0,0.0,25000.0,0.0,0.0,90000.0,Misc due dilligence and applicant legal and Misc
25-830.xlsx,,9590676.0,1065630.6666666667,70.00493430656934,17.06938407769379,9.0,137000.0,56186421.0,8497568.0,8497568.0,4129528.0,450040.0,0.0,0.0,0.0,100000.0,604000.0,1874000.0,1340000.0,capitalized int on b bonds,1093108.0,1093108.0,206858.0,0.0,40000.0,0.0,0.0,846250.0,bond issuance and related bondSpecify
25-758.xlsx,,5949715.0,661079.4444444445,38.31061415822076,14.48039892854518,9.0,155302.0,41088060.0,5596333.0,5596333.0,2916345.0,313336.0,0.0,0.0,24110.0,50000.0,0.0,1792542.0,500000.0,Bond Underwriting Fees,353382.0,353382.0,185588.0,0.0,0.0,0.0,0.0,167794.0,Loan Closing Costs
25-810.xlsx,,2471730.0,274636.6666666667,12.367368995141575,11.00772673628894,9.0,199859.0,22454500.0,2224910.0,2224910.0,1400000.0,293000.0,25000.0,0.0,0.0,64000.0,120000.0,310910.0,12000.0,Inspections,246820.0,246820.0,10000.0,164695.0,0.0,0.0,0.0,72125.0,CDLAC / Issuer Fees
25-685.xlsx,,6696670.0,744074.4444444445,88.83881666224462,25.376828665489708,9.0,75380.0,26388916.0,6356686.0,6356686.0,4447239.0,430051.0,0.0,0.0,648146.0,100000.0,131250.0,600000.0,0.0,Specify,339984.0,339984.0,234984.0,0.0,105000.0,0.0,0.0,0.0,Specify
25-778.xlsx,Const Variance ($-24000),3015030.0,24512.439024390245,39.33348988297914,12.541722129783695,123.0,76653.0,24040000.0,2829030.0,2805030.0,1593821.0,106000.0,55000.0,0.0,123085.0,50000.0,127124.0,750000.0,0.0,,210000.0,210000.0,10000.0,0.0,25000.0,0.0,175000.0,0.0,Specify
25-797.xlsx,Hard Costs Source: Rehab; Const Variance ($-25000),662000.0,73555.55555555556,13.380495199595755,10.833796469949798,9.0,49475.0,6110508.0,450000.0,425000.0,150000.0,25000.0,0.0,0.0,250000.0,0.0,0.0,0.0,0.0,,237000.0,237000.0,187000.0,0.0,50000.0,0.0,0.0,0.0,Specify
25-781.xlsx,Hard Costs Source: Rehab,2836332.0,315148.0,34.27467282152913,47.63574008978521,9.0,82753.0,5954210.0,2700002.0,2700002.0,2200538.0,82310.0,0.0,26000.0,135582.0,30000.0,30000.0,150572.0,45000.0,Lender Expenses,136330.0,136330.0,66330.0,0.0,15000.0,0.0,0.0,55000.0,Lender Expenses
25-806.xlsx,Const Variance ($-30000),6004557.0,667173.0,45.05612824868906,16.72711622963654,9.0,133268.3751,35897144.0,5578562.0,5548562.0,3820109.0,449045.0,7500.0,531437.0,49143.0,25000.0,238423.0,427905.0,0.0,,455995.0,455995.0,340995.0,0.0,25000.0,0.0,0.0,90000.0,Misc due dilligence and applicant legal and Misc
25-739.xlsx,,3183099.0,353677.6666666667,60.37630166347376,18.040661468079904,9.0,52721.0,17644026.0,3039930.0,3039930.0,2153850.0,231517.0,0.0,0.0,380489.0,90000.0,184074.0,0.0,0.0,Specify,143169.0,143169.0,143169.0,0.0,0.0,0.0,0.0,0.0,Specify
25-693.xlsx,Const Variance ($-1585195); Perm Variance ($-15000),7264858.0,807206.4444444445,61.4177332904993,17.24791249883429,9.0,118286.0,42120216.0,8840053.0,7254858.0,5568648.0,353141.0,15000.0,379784.0,88285.0,100000.0,105000.0,645000.0,0.0,,25000.0,10000.0,0.0,0.0,10000.0,0.0,0.0,0.0,
25-742.xlsx,Const Variance ($-35000); Perm Variance ($-10000),3140793.0,348977.0,63.91910373038647,13.019226117037002,9.0,49137.0,24124268.0,3150793.0,3115793.0,1669476.0,190703.0,0.0,0.0,104857.0,110000.0,40000.0,1000757.0,0.0,,35000.0,25000.0,0.0,0.0,25000.0,0.0,0.0,0.0,
25-715.xlsx,Const Variance ($-5827500),9876370.0,1097374.4444444445,29.877059718604702,10.631176058317287,9.0,330567.0,92900070.0,15181060.0,9353560.0,7848647.0,632948.0,25000.0,421965.0,0.0,75000.0,350000.0,0.0,0.0,,522810.0,522810.0,497810.0,0.0,25000.0,0.0,0.0,0.0,Specify
25-703.xlsx,,14035949.0,1559549.888888889,58.43685832049627,26.297355107107872,9.0,240190.0,53373995.0,7768540.0,7768540.0,6480343.0,775400.0,50637.0,0.0,0.0,190000.0,224160.0,0.0,48000.0,Construction Inspection Fees,6267409.0,6267409.0,786788.0,272184.0,0.0,0.0,0.0,5208437.0,Interest Prior to Conversion
25-754.xlsx,Const Variance ($-60000); Perm Variance ($-20000),4785463.0,531718.1111111111,54.61672696561248,12.368509745235935,9.0,87619.0,38690700.0,4809411.0,4749411.0,3734657.0,305409.0,0.0,0.0,139632.0,75000.0,10000.0,484713.0,0.0,,56052.0,36052.0,26052.0,0.0,10000.0,0.0,0.0,0.0,
25-837.xlsx,,10036256.0,1115139.5555555555,84.41134763703037,18.414395829836536,9.0,118897.0,54502228.0,9895317.0,9895317.0,7190696.0,600965.0,51175.0,0.0,426606.0,80000.0,30000.0,1330628.0,185247.0,Accured Interest - Inglewood HOME ARP,140939.0,140939.0,68610.0,10000.0,20000.0,0.0,0.0,42329.0,Perm Lender Legal Counsel + Applicant Perm Legal + LACDA Yr1 Monitoring Fee
25-708.xlsx,Const Variance ($-20000),1064474.0,118274.88888888889,20.14408720171073,7.14382258673497,9.0,52843.0,14900622.0,1069474.0,1049474.0,500000.0,257246.0,35000.0,0.0,187228.0,40000.0,30000.0,0.0,0.0,,15000.0,15000.0,0.0,10000.0,5000.0,0.0,0.0,0.0,
25-821.xlsx,,5993956.0,665995.1111111111,75.76831966021565,9.274419285029243,9.0,79109.0,64628909.0,5790788.0,5790788.0,3786441.0,306983.0,0.0,0.0,331364.0,275000.0,15000.0,1020000.0,56000.0,Lender Expenses,203168.0,203168.0,106523.0,7150.0,46995.0,0.0,0.0,42500.0,Lender Expenses
25-749.xlsx,,2062600.0,229177.77777777778,38.38395116867649,8.360049743633517,9.0,53736.0,24672102.0,2031600.0,2031600.0,1501908.0,168735.0,0.0,0.0,112957.0,40000.0,8000.0,200000.0,0.0,Specify,31000.0,31000.0,0.0,0.0,10000.0,0.0,0.0,21000.0,Perm Legal
25-698.xlsx,Const Variance ($-48000),2555680.0,283964.44444444444,74.84347087591883,15.481379129869053,9.0,34147.0,16508090.0,2558717.0,2510717.0,1608543.0,83555.0,25000.0,0.0,31189.0,50000.0,162430.0,550000.0,0.0,,44963.0,44963.0,14963.0,10000.0,20000.0,0.0,0.0,0.0,Specify
25-732.xlsx,Const Variance ($-143500),2000044.0,222227.11111111112,62.67765590723911,22.810720802919707,9.0,31910.0,8768000.0,2036544.0,1893044.0,1178910.0,102000.0,15000.0,0.0,219676.0,77658.0,23364.0,276436.0,0.0,,107000.0,107000.0,0.0,107000.0,0.0,0.0,0.0,0.0,Specify
25-677.xlsx,,8141538.0,904615.3333333334,74.28546141352945,22.18428173249617,9.0,109598.0,36699579.0,4226698.0,4226698.0,2973843.0,571332.0,28677.0,0.0,0.0,145000.0,483846.0,0.0,24000.0,Construction Inspection Fees,3914840.0,3914840.0,719018.0,263843.0,0.0,0.0,0.0,2931979.0,Interest Prior to Conversion
25-765.xlsx,,7565624.0,840624.8888888889,81.51294510585574,19.705720060943346,9.0,92815.0,38393035.0,7293409.0,7293409.0,5710163.0,423299.0,12627.0,220920.0,50000.0,175000.0,0.0,631400.0,70000.0,Construction Lender Counsel,272215.0,272215.0,42555.0,124660.0,30000.0,0.0,0.0,75000.0,Permanent Lender Counsel
25-773.xlsx,Const Variance ($-20000),1398205.0,155356.11111111112,18.43211569136665,8.836181372749143,9.0,75857.0,15823634.0,1403205.0,1383205.0,850000.0,222456.0,35000.0,0.0,182532.0,40000.0,53217.0,0.0,0.0,,15000.0,15000.0,0.0,10000.0,5000.0,0.0,0.0,0.0,
25-724.xlsx,,3796758.0,421862.0,33.5077045274027,12.012776055179396,9.0,113310.0,31606000.0,3683180.0,3683180.0,2209680.0,144000.0,0.0,0.0,0.0,185000.0,0.0,950000.0,194500.0,Lender Reports and Inspections & Soft Loan Interest,113578.0,113578.0,78000.0,0.0,10000.0,0.0,0.0,25578.0,LIHTC Fees
25-753.xlsx,Hard Costs Source: Rehab,3477862.0,386429.1111111111,14.47257882625142,15.414193782630148,9.0,240307.0,22562724.0,3355242.0,3355242.0,2269977.0,203582.0,0.0,0.0,436683.0,50000.0,20000.0,350000.0,25000.0,Lender Expense,122620.0,122620.0,107620.0,0.0,15000.0,0.0,0.0,0.0,Specify
25-704.xlsx,,11815375.0,1312819.4444444445,56.304444169112884,24.715506667285283,9.0,209848.0,47805514.0,7730902.0,7730902.0,6394106.0,766275.0,36126.0,0.0,0.0,0.0,480395.0,0.0,54000.0,Construction Inspection Fees,4084473.0,4084473.0,623750.0,168589.0,0.0,0.0,0.0,3292134.0,Interest Prior to Conversion
25-712.xlsx,Const Variance ($-150000),11478600.0,1275400.0,54.765096828675986,9.285217582700792,9.0,209597.0,123622305.0,11456100.0,11306100.0,6780000.0,640500.0,0.0,0.0,350000.0,100000.0,20000.0,3415600.0,0.0,,172500.0,172500.0,122500.0,50000.0,0.0,0.0,0.0,0.0,Specify
25-745.xlsx,,1345457.0,31289.697674418603,22.13031893021037,7.136508073237182,43.0,60797.0,18853156.0,999255.0,999255.0,290852.0,90022.0,0.0,300000.0,0.0,60000.0,46170.0,187211.0,25000.0,Lender 3rd Party Costs,346202.0,346202.0,171202.0,45000.0,0.0,0.0,0.0,130000.0,Legal
25-694.xlsx,,15172839.0,1685871.0,57.716640356049226,22.565832421015884,9.0,262885.0,67238109.0,14960839.0,14960839.0,10328369.0,922105.0,0.0,3091200.0,201500.0,0.0,0.0,0.0,417665.0,GC P&P Bond,212000.0,212000.0,0.0,25000.0,187000.0,0.0,0.0,0.0,Specify
25-801.xlsx,Hard Costs Source: Rehab,2800094.0,311121.55555555556,24.42212221117449,10.528858463013494,9.0,114654.0,26594469.0,2637455.0,2637455.0,1751068.0,267496.0,0.0,0.0,121209.0,75000.0,0.0,339682.0,83000.0,Inspection & Bond Counsel,162639.0,162639.0,112639.0,40000.0,0.0,0.0,0.0,10000.0,Conversion Fee
25-769.xlsx,,2400791.0,266754.55555555556,64.95646645021645,15.641008835821953,9.0,36960.0,15349336.0,2365791.0,2365791.0,1470791.0,190000.0,0.0,0.0,155000.0,50000.0,0.0,500000.0,0.0,Specify,35000.0,35000.0,0.0,0.0,35000.0,0.0,0.0,0.0,Specify
25-786.xlsx,,8513719.0,945968.7777777778,58.8167115716753,14.133437935957243,9.0,144750.0,60238132.0,8491219.0,8491219.0,5691911.0,571206.0,0.0,0.0,357622.0,80000.0,75000.0,1715480.0,0.0,Specify,22500.0,22500.0,10000.0,0.0,12500.0,0.0,0.0,0.0,Specify
25-790.xlsx,Hard Costs Source: Rehab; Perm Costs Empty,5559361.0,617706.7777777778,21.17803402588893,15.976304646822737,9.0,262506.0,34797540.0,5559361.0,5559361.0,3977260.0,337500.0,45000.0,0.0,506250.0,112500.0,191970.0,308881.0,80000.0,Lender Application / DD / Inspection,0.0,0.0,0.0,0.0,0.0,0.0,0.0,0.0,Specify
25-682.xlsx,Hard Costs Source: Rehab,2425607.0,269511.8888888889,44.513084489466344,24.578914035861036,9.0,54492.0,9868650.0,2395607.0,2395607.0,1645655.0,0.0,0.0,0.0,359952.0,50000.0,0.0,300000.0,40000.0,Bank Construction Inspections & Third Party Reports,30000.0,30000.0,0.0,0.0,30000.0,0.0,0.0,0.0,Specify
25-728.xlsx,Hard Costs Source: Rehab,2750735.0,305637.22222222225,30.177450851325258,27.507350000000002,9.0,91152.0,10000000.0,2607735.0,2607735.0,1797735.0,221000.0,524000.0,0.0,65000.0,0.0,0.0,0.0,0.0,Specify,143000.0,143000.0,25000.0,0.0,0.0,0.0,0.0,118000.0,Permanent Loan Fees
25-817.xlsx,,1855667.0,206185.22222222222,48.358663643707814,7.656813352313755,9.0,38373.0,24235500.0,1634917.0,1634917.0,1098827.0,190500.0,12500.0,75000.0,0.0,28000.0,55000.0,175090.0,0.0,Specify,220750.0,220750.0,93250.0,0.0,27500.0,0.0,0.0,100000.0,Costs of Issuance
25-816.xlsx,Const Variance ($-45000),15389501.0,1709944.5555555555,140.77994987010135,22.826577559735114,9.0,109316.0,67419222.0,15108858.0,15063858.0,11608032.0,589523.0,0.0,0.0,176303.0,30000.0,20000.0,2640000.0,0.0,,325643.0,325643.0,310643.0,0.0,15000.0,0.0,0.0,0.0,Specify
25-683.xlsx,,2163999.0,240444.33333333334,42.629454523964306,10.795526399638899,9.0,50763.0,20045331.0,2088000.0,2088000.0,1086000.0,91000.0,150000.0,350000.0,0.0,50000.0,0.0,361000.0,0.0,Specify,75999.0,75999.0,75999.0,0.0,0.0,0.0,0.0,0.0,Specify
25-729.xlsx,Hard Costs Source: Rehab,2727217.0,303024.1111111111,20.085261669440722,23.276661264043195,9.0,135782.0,11716530.0,2650037.0,2650037.0,1701586.0,160236.0,50000.0,49850.0,153348.0,30000.0,31667.0,473350.0,0.0,Specify,77180.0,77180.0,47180.0,15000.0,15000.0,0.0,0.0,0.0,Specify
25-791.xlsx,,3795056.0,421672.8888888889,120.27559978448959,16.92110445250334,9.0,31553.0,22427945.0,3652766.0,3652766.0,1918917.0,0.0,0.0,0.0,685767.0,80000.0,33350.0,478364.0,456368.0,Accrued/Deferred Interest - Soft Loans,142290.0,142290.0,82290.0,10000.0,10000.0,0.0,0.0,40000.0,Permanent - Owner and Lender Counsel
25-768.xlsx,,6146642.187577117,682960.2430641241,75.38284977222087,17.453571316121934,9.0,81539.0,35217103.0,5845754.876077131,5845754.87607713,4183057.4247481767,303448.81988268247,0.0,352171.03,86289.4684462712,25000.0,398400.0,387388.13300000003,110000.0,Lender Inspections,300887.31149998645,300887.31149998645,185887.31149998642,30000.0,25000.0,0.0,0.0,60000.0,Lender Legal
25-787.xlsx,Hard Costs Source: Rehab; Perm Costs Empty,5212080.0,579120.0,77.20113163390755,32.77110251815524,9.0,67513.0,15904500.0,5212080.0,5212080.0,3927000.0,343850.0,22200.0,0.0,542400.0,147250.0,8999.0,140381.0,80000.0,Lender Application / DD / Inspection,0.0,0.0,0.0,0.0,0.0,0.0,0.0,0.0,Specify
25-800.xlsx,Hard Costs Source: Rehab; Const Variance ($-2222001),1902344.0,211371.55555555556,17.99008927220457,14.402137005723928,9.0,105744.0,13208762.0,4054345.0,1832344.0,1016315.0,196631.0,0.0,0.0,194398.0,100000.0,0.0,325000.0,0.0,,70000.0,70000.0,45000.0,0.0,25000.0,0.0,0.0,0.0,Specify
25-695.xlsx,Hard Costs Source: Rehab,9787110.0,1087456.6666666667,58.80651809480319,53.42636159266959,9.0,166429.0,18318878.0,8985417.0,8985417.0,7629142.0,810000.0,0.0,0.0,300000.0,69500.0,32315.0,129260.0,15200.0,Bank Inspections,801693.0,801693.0,161193.0,0.0,30500.0,122000.0,488000.0,0.0,Specify
25-744.xlsx,Const Variance ($-120000),8927300.0,991922.2222222222,44.16634921263154,12.729822106179602,9.0,202129.0,70129024.0,8778300.0,8658300.0,7160000.0,690000.0,0.0,0.0,120000.0,100000.0,80000.0,508300.0,0.0,,269000.0,269000.0,219000.0,40000.0,10000.0,0.0,0.0,0.0,Specify
25-713.xlsx,Const Variance ($-20000); Perm Variance ($-185512),1013181.0,112575.66666666667,22.561258573082746,7.2859206507228675,9.0,44908.0,13906012.0,1018181.0,998181.0,600000.0,244536.0,35000.0,0.0,0.0,40000.0,78645.0,0.0,0.0,,200512.0,15000.0,0.0,10000.0,5000.0,0.0,0.0,0.0,
25-705.xlsx,Const Variance ($-393623),3313554.0,368172.6666666667,58.555771541669614,14.262263054342018,9.0,56588.0,23233017.0,3637919.0,3244296.0,2294696.0,292473.0,62213.0,0.0,142414.0,90000.0,12500.0,350000.0,0.0,,69258.0,69258.0,54258.0,0.0,15000.0,0.0,0.0,0.0,Specify
25-752.xlsx,Const Variance ($-120000),6776500.0,752944.4444444445,39.768425871043846,8.702838040883986,9.0,170399.0,77865404.0,6814000.0,6694000.0,5160000.0,765000.0,0.0,0.0,150000.0,50000.0,20000.0,549000.0,0.0,,82500.0,82500.0,57500.0,15000.0,10000.0,0.0,0.0,0.0,Specify
25-725.xlsx,Hard Costs Source: Rehab,1791556.0,199061.77777777778,39.1965344476776,27.732206433237362,9.0,45707.0,6460200.0,1639915.0,1639915.0,1113093.0,211351.0,0.0,0.0,104325.0,25000.0,0.0,115146.0,71000.0,"Lender Legal, Inspections Fee, Recycled Bonds Fees",151641.0,151641.0,151641.0,0.0,0.0,0.0,0.0,0.0,Specify
25-772.xlsx,Const Variance ($-20000),4811376.0,534597.3333333334,31.918376011675733,11.123971563885055,9.0,150740.0,43252322.0,4816376.0,4796376.0,3938947.0,532096.0,35000.0,0.0,224333.0,40000.0,26000.0,0.0,0.0,,15000.0,15000.0,0.0,10000.0,5000.0,0.0,0.0,0.0,Specify
25-764.xlsx,Const Variance ($-20000),2004401.0,222711.22222222222,26.720715076053484,7.341291351696466,9.0,75013.0,27303112.0,2009401.0,1989401.0,1500000.0,193745.0,35000.0,0.0,178656.0,40000.0,42000.0,0.0,0.0,,15000.0,15000.0,0.0,10000.0,5000.0,0.0,0.0,0.0,Specify
25-699.xlsx,Hard Costs Source: Rehab,5217112.0,579679.1111111111,29.91703462433911,31.421397120592214,9.0,174386.0,16603692.0,4984317.0,4984317.0,2484686.0,268315.0,0.0,343333.0,235533.0,75000.0,0.0,1467450.0,110000.0,Lender Expenses and Legal Fees,232795.0,232795.0,72795.0,0.0,50000.0,0.0,0.0,110000.0,Lender Expenses and Legal Fees
25-733.xlsx,Const Variance ($-143500),1695907.0,188434.11111111112,64.93001263448065,23.142835698689957,9.0,26119.0,7328000.0,1732407.0,1588907.0,947240.0,83000.0,15000.0,0.0,215456.0,68646.0,19592.0,239973.0,0.0,,107000.0,107000.0,0.0,107000.0,0.0,0.0,0.0,0.0,Specify
25-676.xlsx,Const Variance ($-30000); Perm Variance ($-2281461),5414883.0,601653.6666666666,46.92476277135058,12.812957329232658,9.0,115395.0,42260993.0,3604243.0,3574243.0,1636873.0,1652868.0,27826.0,0.0,0.0,140000.0,116676.0,0.0,0.0,,4122101.0,1840640.0,1584626.0,256014.0,0.0,0.0,0.0,0.0,
25-748.xlsx,,6334182.0,703798.0,65.2483775932755,17.3081245674801,9.0,97078.0,36596582.0,6304273.0,6304273.0,4736931.0,483305.0,0.0,0.0,181787.0,75000.0,67250.0,730000.0,30000.0,Lender Expenses,29909.0,29909.0,9909.0,0.0,20000.0,0.0,0.0,0.0,Specify
25-820.xlsx,Const Variance ($-84550),2912497.0,323610.77777777775,164.05661015039712,12.527037460762374,9.0,17753.0,23249687.0,2647691.0,2563141.0,1564641.0,303000.0,0.0,194360.0,30154.0,72224.0,72327.0,326435.0,0.0,,349356.0,349356.0,114322.0,0.0,30000.0,57500.0,147534.0,0.0,Specify
25-709.xlsx,,8252999.0,916999.8888888889,60.822903846295574,13.105406369037711,9.0,135689.0,62974003.0,8224010.0,8224010.0,5853720.0,600909.0,0.0,0.0,377914.0,75000.0,133750.0,856717.0,326000.0,"City of MV Lender Fees, Cons Lender Exp",28989.0,28989.0,0.0,0.0,18989.0,0.0,0.0,10000.0,Perm Lender Expenses
25-836.xlsx,Const Variance ($-896427),12174144.0,1352682.6666666667,42.34823655457654,16.889608761294202,9.0,287477.0,72080675.0,12528322.0,11631895.0,8406087.0,860827.0,25000.0,0.0,215515.0,50000.0,232500.0,1841966.0,0.0,,542249.0,542249.0,377449.0,0.0,15000.0,0.0,149800.0,0.0,Specify
