File Name,Flag,Combined Financing Costs,Financing Cost per Unit,Financing Cost per SF,% of Hard Costs,Total Units,Total SF,Hard Costs,Const Total (Sheet),Const Total (Calculated),Const Loan Interest,Const Origination Fee,Const Other Details,Perm Total (Sheet),Perm Total (Calculated)
25-673.xlsx,,153791980.0,1398108.9090909092,1152.1465654802485,279.9496486667131,110.0,133483.0,54935586.0,9382695.0,9382695.0,5652628.0,421959.0,Bond Premium:$553968; Cost of Issuance:$673891; Title & Recording:$136680; Other: Other Cost:$118594; Insurance:$1083004; Other: Other: LAHD ULA + HHH Interest:$741971,100113.0,144409285.0
25-674.xlsx,,151202213.0,1800026.3452380951,2129.9086209325255,920.9437013184529,84.0,70990.0,16418182.0,5971246.0,5971246.0,4716225.0,411000.0,Cost of Issuance:$213262; Title & Recording:$60000; Taxes:$80000; Insurance:$450000; Const. Lender Exp. & Const. Insp. Fees:$40759,152111.0,145230967.0
25-675.xlsx,,61607668.0,1026794.4666666667,1241.5143784132358,310.2860677893696,60.0,49623.0,19855119.0,4245716.0,4245716.0,3225211.0,281064.0,Cost of Issuance:$172899; Title & Recording:$50000; Taxes:$36667; Insurance:$450000; Other: Inspection and Other Lender Costs:$29875,144282.0,57361952.0
25-676.xlsx,,108922999.0,19326.295067423704,943.9143723731531,257.7388538882652,5636.0,115395.0,42260993.0,3604243.0,3604243.0,1636873.0,1652868.0,Credit Enhancement/Application Fee:$27826; Title & Recording:$140000; Other: Other Cost:$116676; Construction Inspection Fees:$30000,4122101.0,105318756.0
25-677.xlsx,,141059746.0,1007569.6142857143,1287.0649646891366,384.363390108644,140.0,109598.0,36699579.0,4226698.0,4226698.0,2973843.0,571332.0,Credit Enhancement/Application Fee:$28677; Title & Recording:$145000; Other: Other Cost:$483846; Other: Other: Construction Inspection Fees:$24000,3914840.0,136833048.0
25-678.xlsx,,186844732.0,1831811.0980392157,2055.497601760176,523.2295461395478,102.0,90900.0,35709897.0,6996873.0,6996873.0,5467555.0,395159.0,Bond Premium:$120130; Cost of Issuance:$194404; Title & Recording:$114625; Insurance:$650000; Other: Other: Lender Expense:$55000,307210.0,179847859.0
25-679.xlsx,,225158627.0,42514.846487915405,793.1974938526467,262.6627336854866,5296.0,283862.0,85721573.0,12425937.0,12425937.0,7588810.0,4120599.0,Credit Enhancement/Application Fee:$57998; Title & Recording:$140000; Other: Other Cost:$470530; Construction Inspection Fees:$48000,8851232.0,212732690.0
25-680.xlsx,,134879995.0,1348799.95,1483.534558613256,1480.7353990075956,100.0,90918.0,9108987.0,3951362.0,3951362.0,2758122.0,238875.0,Cost of Issuance:$248515; Title & Recording:$514350; Taxes:$1500; Insurance:$140000; Lender rd Party Reports:$50000,283875.0,130928633.0
25-681.xlsx,,142181588.0,1421815.88,825.0063131020077,268.6133644557113,100.0,172340.0,52931688.0,8855641.0,8855641.0,5607095.0,480250.0,Cost of Issuance:$394553; Title & Recording:$145000; Other: Other Cost:$180000; Insurance:$1581699; Other: Other: Soft Loan Accrued Interest:$467044,487000.0,133325947.0
25-682.xlsx,,69212021.0,1134623.2950819673,1270.1317808118622,701.3322085594281,61.0,54492.0,9868650.0,2395607.0,2395607.0,1645655.0,0.0,Cost of Issuance:$359952; Title & Recording:$50000; Insurance:$300000; Other: Other: Bank Construction Inspections & Third Party Reports:$40000,30000.0,66816414.0
25-683.xlsx,,60002760.2,1200055.2040000001,1182.0176151921676,299.3353424795031,50.0,50763.0,20045331.0,2088000.0,2088000.0,1086000.0,91000.0,Credit Enhancement/Application Fee:$150000; Bond Premium:$350000; Title & Recording:$50000; Insurance:$361000,75999.0,57914760.2
25-684.xlsx,,63838498.0,911978.5428571429,1239.8473071918274,369.63736297141236,70.0,51489.0,17270575.0,4836921.0,4836921.0,3246427.0,303068.0,Credit Enhancement/Application Fee:$449280; Cost of Issuance:$648146; Title & Recording:$190000,373035.0,59001577.0
25-685.xlsx,,89257084.0,850067.4666666667,1184.0950384717432,338.2370234533317,105.0,75380.0,26388916.0,6356686.0,6356686.0,4447239.0,430051.0,Cost of Issuance:$648146; Title & Recording:$100000; Other: Other Cost:$131250; Insurance:$600000,339984.0,82900398.0
25-686.xlsx,,246582310.0,1023163.112033195,1001.7603565320193,240.88147649251604,241.0,246149.0,102366655.0,12718000.0,12718000.0,10854000.0,691000.0,Cost of Issuance:$180000; Title & Recording:$150000; Other: Other Cost:$120000; Insurance:$603000; Construction Lender Costs Legal Etc.:$120000,205000.0,233864310.0
25-687.xlsx,,74465310.0,1405005.8490566039,1422.8858868039897,272.34867302396617,53.0,52334.0,27341903.0,3681168.0,3681168.0,2511376.0,204557.0,Credit Enhancement/Application Fee:$15000; Bond Premium:$248096; Cost of Issuance:$51139; Title & Recording:$100000; Other: Other Cost:$105000; Insurance:$421000; Other: Other: Employment Reporting:$25000,25000.0,70784142.0
25-688.xlsx,,102527238.0,1114426.5,1143.93249801957,789.5829083232813,92.0,89627.0,12984987.0,3697562.0,3697562.0,2297884.0,230807.0,Credit Enhancement/Application Fee:$153871; Title & Recording:$100000; Insurance:$800000; Other: Other: Lender Expenses & Legal Fees:$115000,213610.0,98829676.0
25-689.xlsx,,96648618.0,1486901.8153846154,1195.6579367337597,290.0305255116179,65.0,80833.0,33323602.0,3945267.0,3945267.0,2541153.0,325573.0,Credit Enhancement/Application Fee:$15000; Bond Premium:$301398; Cost of Issuance:$45143; Title & Recording:$100000; Other: Other Cost:$105000; Insurance:$512000,25000.0,92703351.0
25-690.xlsx,,100723028.0,1503328.776119403,1184.1827010122624,279.59564445719127,67.0,85057.0,36024534.0,5036320.0,5036320.0,3634166.0,306950.0,Credit Enhancement/Application Fee:$15000; Bond Premium:$325466; Cost of Issuance:$76738; Title & Recording:$100000; Insurance:$553000; Employment Reporting:$25000,25000.0,95686708.0
25-691.xlsx,,183146160.0,1229168.8590604027,2497.6292821296092,1703.9023577888531,149.0,73328.0,10748630.0,516300.0,516300.0,100000.0,40000.0,Credit Enhancement/Application Fee:$35000; Cost of Issuance:$223800; Title & Recording:$75000; Lender Inspection:$42500,300000.0,182629860.0
25-692.xlsx,,35784719.0,7022.1191130298275,1606.9297678386995,279.5403160295074,5096.0,22269.0,12801273.0,891300.0,891300.0,474000.0,126000.0,Cost of Issuance:$50000; Title & Recording:$60000; Taxes:$15000; Insurance:$86300; Construction Lender Costs Legal Etc.:$80000,51050.0,34893419.0
25-693.xlsx,,115235591.0,1152355.91,974.2115804068106,273.5873695424544,100.0,118286.0,42120216.0,8840053.0,8840053.0,7153843.0,353141.0,Credit Enhancement/Application Fee:$15000; Bond Premium:$379784; Cost of Issuance:$88285; Title & Recording:$100000; Other: Other Cost:$105000; Insurance:$645000,25000.0,106395538.0
25-694.xlsx,,200910907.0,40719.681191730844,764.2539779751603,298.80511214257973,4934.0,262885.0,67238109.0,14960839.0,14960839.0,10328369.0,922105.0,Bond Premium:$3091200; Cost of Issuance:$201500; Other: Other: GC P&P Bond:$417665,212000.0,185950068.0
25-695.xlsx,,198936700.0,1228004.3209876544,1195.3247330693569,1085.9655269280138,162.0,166429.0,18318878.0,8985417.0,8985417.0,7629142.0,810000.0,Cost of Issuance:$300000; Title & Recording:$69500; Taxes:$32315; Insurance:$129260; Other: Other: Bank Inspections:$15200,801693.0,189951283.0
25-696.xlsx,,82259914.0,15994.538985028194,1036.267041231529,265.36753005832384,5143.0,79381.0,30998485.0,4583100.0,4583100.0,3637000.0,315500.0,Cost of Issuance:$120000; Title & Recording:$100000; Taxes:$80000; Insurance:$210600; Construction Lender Costs Legal Etc.:$120000,151000.0,77676814.0
25-697.xlsx,,196739006.0,725974.1918819188,1268.6209529213766,456.19459578030626,271.0,155081.0,43126115.0,8338918.0,8338918.0,6778339.0,833079.0,Cost of Issuance:$427500; Title & Recording:$100000; Other: Other: Deputy Inspection:$200000,1289688.0,188400088.0
25-698.xlsx,,53102155.0,1609156.2121212122,1555.1045479837176,321.6735249202058,33.0,34147.0,16508090.0,2558717.0,2558717.0,1608543.0,83555.0,Credit Enhancement/Application Fee:$25000; Cost of Issuance:$31189; Title & Recording:$50000; Other: Other Cost:$162430; Insurance:$550000; Lender Fees: SLO Housing Trust Fund:$48000,44963.0,50543438.0
25-699.xlsx,,138704196.0,1019883.7941176471,795.3860745702063,835.3816488525563,136.0,174386.0,16603692.0,4984317.0,4984317.0,2484686.0,268315.0,Bond Premium:$343333; Cost of Issuance:$235533; Title & Recording:$75000; Insurance:$1467450; Other: Other: Lender Expenses and Legal Fees:$110000,232795.0,133719879.0
25-700.xlsx,,127185708.0,935189.0294117647,1171.549050312264,271.686902566102,136.0,108562.0,46813338.0,7186772.0,7186772.0,6295958.0,364799.0,Credit Enhancement/Application Fee:$75000; Cost of Issuance:$51015; Title & Recording:$100000; Insurance:$300000,50000.0,119998936.0
25-701.xlsx,,258573134.0,48935.11241483725,992.526999846461,275.35010873891997,5284.0,260520.0,93907039.0,15227800.0,15227800.0,12960000.0,980000.0,Cost of Issuance:$170000; Title & Recording:$120000; Other: Other Cost:$180000; Insurance:$697800; Construction Lender Costs Legal Etc.:$120000,355000.0,243345334.0
25-702.xlsx,,174914733.8,1507885.6362068967,1416.5774500514267,278.8245293410393,116.0,123477.0,62732907.400000006,7664053.0,7664053.0,5128897.0,568993.0,Cost of Issuance:$147267; Title & Recording:$100700; Other: Other Cost:$363346; Insurance:$1100000; Predevelopment loan costs:$254850,101160.0,167250680.8
25-703.xlsx,,141461022.0,23667.562656851263,588.9546692202007,265.0373501177868,5977.0,240190.0,53373995.0,7768540.0,7768540.0,6480343.0,775400.0,Credit Enhancement/Application Fee:$50637; Title & Recording:$190000; Other: Other Cost:$224160; Other: Other: Construction Inspection Fees:$48000,6267409.0,133692482.0
25-704.xlsx,,127451578.0,22968.386736348893,607.3518832678891,266.6043461011631,5549.0,209848.0,47805514.0,7730902.0,7730902.0,6394106.0,766275.0,Credit Enhancement/Application Fee:$36126; Other: Other Cost:$480395; Other: Other: Construction Inspection Fees:$54000,4084473.0,119720676.0
25-705.xlsx,,66537750.0,1127758.4745762711,1175.8279140453806,286.3930672456358,59.0,56588.0,23233017.0,3637919.0,3637919.0,2294696.0,292473.0,Credit Enhancement/Application Fee:$62213; Cost of Issuance:$142414; Title & Recording:$90000; Taxes:$12500; Insurance:$350000; Accured and Deferred Soft Loan Interest:$393623,69258.0,62899831.0
25-706.xlsx,,277161160.0,772036.6573816156,1344.9202251552795,509.29105919179136,359.0,206080.0,54420975.0,13147233.0,13147233.0,9035318.0,1006915.0,Cost of Issuance:$555000; Title & Recording:$100000; Other: Other Cost:$1500000; Insurance:$950000,701386.0,264013927.0
25-707.xlsx,,82668646.0,1033358.075,614.9934236955261,960.4139176444647,80.0,134422.0,8607606.0,3168440.0,3168440.0,1448451.0,112186.0,Cost of Issuance:$184505; Title & Recording:$90000; Insurance:$150000; Other: Other: Soft Loan Accrued Deferred Interest:$1183298,25000.0,79500206.0
25-708.xlsx,,38942042.0,708037.1272727273,736.9385159813031,261.34507673572284,55.0,52843.0,14900622.0,1069474.0,1069474.0,500000.0,257246.0,Credit Enhancement/Application Fee:$35000; Cost of Issuance:$187228; Title & Recording:$40000; Taxes:$30000; Inspection Fees:$20000,15000.0,37872568.0
25-709.xlsx,,162472001.0,1504370.3796296297,1197.385204401241,257.9985283768605,108.0,135689.0,62974003.0,8224010.0,8224010.0,5853720.0,600909.0,Cost of Issuance:$377914; Title & Recording:$75000; Other: Other Cost:$133750; Insurance:$856717; Other: Other: City of MV Lender Fees Cons Lender Exp:$326000,28989.0,154247991.0
25-710.xlsx,,94437993.0,1259173.24,1276.5686149936469,1810.7179177451826,75.0,73978.0,5215500.0,579435.0,579435.0,294350.0,81495.0,Credit Enhancement/Application Fee:$5000; Cost of Issuance:$102340; Title & Recording:$72750; Other: Other: Appraisal & Other Third Party Reports:$23500,271400.0,93858558.0
25-711.xlsx,,29794956.0,961127.6129032258,892.4920920201293,244.28646764935644,31.0,33384.0,12196728.0,860500.0,860500.0,483600.0,66400.0,Cost of Issuance:$70000; Title & Recording:$50000; Taxes:$15000; Insurance:$95500; Construction Lender Costs Legal Etc.:$80000,44000.0,28934456.0
25-712.xlsx,,304710410.0,1269626.7083333333,1453.7918481657657,246.48497696269294,240.0,209597.0,123622305.0,11456100.0,11456100.0,6780000.0,640500.0,Cost of Issuance:$350000; Title & Recording:$100000; Taxes:$20000; Insurance:$3415600; Construction Lender Costs Legal etc.:$150000,172500.0,293254310.0
25-713.xlsx,,43863865.0,877277.3,976.7494655740626,315.4309445439857,50.0,44908.0,13906012.0,1018181.0,1018181.0,600000.0,244536.0,Credit Enhancement/Application Fee:$35000; Title & Recording:$40000; Taxes:$78645; Inspection Fees:$20000,200512.0,42845684.0
25-714.xlsx,,172319842.0,33874.551208964025,1199.581218238775,275.14449609990464,5087.0,143650.0,62628853.0,10104862.0,10104862.0,8394674.0,592540.0,Credit Enhancement/Application Fee:$105000; Title & Recording:$75000; Other: Other Cost:$350000; Lender Inspections and Construction Loan Issuance Cost:$587648,522550.0,162214980.0
25-715.xlsx,,240866130.0,41672.34083044983,728.6454183266932,259.2744332700718,5780.0,330567.0,92900070.0,15181060.0,15181060.0,7848647.0,632948.0,Credit Enhancement/Application Fee:$25000; Bond Premium:$421965; Title & Recording:$75000; Other: Other Cost:$350000; Ground Lease Payments During Construction:$5827500,522810.0,225685070.0
25-716.xlsx,,86262543.0,15149.72655426765,1401.5490836420354,1601.4581453634087,5694.0,61548.0,5386500.0,767500.0,767500.0,251128.0,85071.0,Bond Premium:$68139; Cost of Issuance:$349662; Other: Other: Third Party Reports:$13500,201250.0,85495043.0
25-717.xlsx,,190058453.0,883992.8046511628,745.730838649936,265.0486744669279,215.0,254862.0,71707000.0,8097051.0,8097051.0,6806127.0,822824.0,Bond Premium:$447200; Cost of Issuance:$20900,184500.0,181961402.0
25-718.xlsx,,130968766.0,1637109.575,1843.2804987896188,305.81839871445317,80.0,71052.0,42825666.0,7120803.0,7120803.0,4918229.0,387361.0,Cost of Issuance:$227213; Title & Recording:$80000; Taxes:$8000; Insurance:$1500000,101130.0,123847963.0
25-719.xlsx,,100038010.0,1136795.5681818181,1443.98749981957,292.9381011002088,88.0,69279.0,34149880.0,5589750.0,5589750.0,4835000.0,234750.0,Cost of Issuance:$85000; Title & Recording:$75000; Taxes:$10000; Insurance:$350000,93000.0,94448260.0
25-720.xlsx,,110993867.0,22203.214042808562,5188.811509513347,264.44701954361926,4999.0,21391.0,41972062.0,4961581.0,4961581.0,4024603.0,554606.0,Credit Enhancement/Application Fee:$35000; Cost of Issuance:$227372; Title & Recording:$40000; Taxes:$60000; Inspection Fees:$20000,15000.0,106032286.0
25-721.xlsx,,75334130.0,519545.724137931,1230.1056464517815,263.35510907470626,145.0,61242.0,28605532.0,3728496.0,3728496.0,2509803.0,322518.0,Credit Enhancement/Application Fee:$75000; Bond Premium:$261445; Cost of Issuance:$93541; Title & Recording:$25000; Taxes:$33750; Insurance:$317439; Other: Other: Lender Inspections:$90000,349898.0,71605634.0
25-722.xlsx,,40362847.0,1302027.322580645,1148.3682428587686,285.6987630880584,31.0,35148.0,14127764.0,1585773.0,1585773.0,896980.0,132732.0,Bond Premium:$247848; Cost of Issuance:$240000; Title & Recording:$50000; Taxes:$18213,10000.0,38777074.0
25-723.xlsx,,53647096.0,1277311.8095238095,1474.3478714925661,718.4225292359561,42.0,36387.0,7467346.0,1308451.0,1308451.0,875325.0,107385.0,Bond Premium:$53219; Cost of Issuance:$124368; Title & Recording:$60000; Insurance:$45000; Other: Other: Const. Lender Expenses:$43154,53384.0,52338645.0
25-724.xlsx,,78977168.0,858447.4782608695,697.0008648839467,249.8803012086313,92.0,113310.0,31606000.0,3683180.0,3683180.0,2209680.0,144000.0,Title & Recording:$185000; Insurance:$950000; Other: Other: Lender Reports and Inspections & Soft Loan Interest:$194500,113578.0,75293988.0
25-725.xlsx,,63990136.0,659692.1237113402,1400.007351171593,990.5287142812916,97.0,45707.0,6460200.0,1639915.0,1639915.0,1113093.0,211351.0,Cost of Issuance:$104325; Title & Recording:$25000; Insurance:$115146; Other: Other: Lender Legal Inspections Fee Recycled Bonds Fees:$71000,151641.0,62350221.0
25-726.xlsx,,125440289.0,1587851.759493671,1135.5042409320092,817.223898636326,79.0,110471.0,15349562.0,3252891.0,3252891.0,2326802.0,204404.0,Credit Enhancement/Application Fee:$25000; Bond Premium:$80092; Cost of Issuance:$213435; Title & Recording:$100000; Taxes:$5000; Insurance:$298158,96640.0,122187398.0
25-727.xlsx,,35374229.0,520209.25,1086.2652848149853,676.6172988274899,68.0,32565.0,5228100.0,871925.0,871925.0,515289.0,97484.0,Cost of Issuance:$94943; Title & Recording:$25000; Insurance:$68209; Other: Other: Lender Legal Inspections Fee Recycled Bonds Fees:$71000,63854.0,34502304.0
25-728.xlsx,,56585546.0,505228.08928571426,620.7822757591715,565.85546,112.0,91152.0,10000000.0,2607735.0,2607735.0,1797735.0,221000.0,Credit Enhancement/Application Fee:$524000; Cost of Issuance:$65000,143000.0,53977811.0
25-729.xlsx,,101789651.0,814317.208,749.6549689944176,868.7696015799899,125.0,135782.0,11716530.0,2650037.0,2650037.0,1701586.0,160236.0,Credit Enhancement/Application Fee:$50000; Bond Premium:$49850; Cost of Issuance:$153348; Title & Recording:$30000; Taxes:$31667; Insurance:$473350,77180.0,99139614.0
25-730.xlsx,,39668403.0,6898.852695652174,688.5202034227792,282.7801753635586,5750.0,57614.0,14028000.0,3038412.0,3038412.0,1879140.0,166600.0,Credit Enhancement/Application Fee:$15000; Cost of Issuance:$236055; Title & Recording:$116958; Taxes:$37640; Insurance:$443519; Inspections:$143500,107000.0,36629991.0
25-731.xlsx,,39641291.0,6972.962357080035,785.8786527100432,280.26930854072396,5685.0,50442.0,14144000.0,2863669.0,2863669.0,1695856.0,147000.0,Credit Enhancement/Application Fee:$15000; Cost of Issuance:$236510; Title & Recording:$121978; Taxes:$39079; Insurance:$464746; Inspections:$143500,107000.0,36777622.0
25-732.xlsx,,25753210.0,4547.6266996291715,807.0576621748668,293.7181797445255,5663.0,31910.0,8768000.0,2036544.0,2036544.0,1178910.0,102000.0,Credit Enhancement/Application Fee:$15000; Cost of Issuance:$219676; Title & Recording:$77658; Taxes:$23364; Insurance:$276436; Inspections:$143500,107000.0,23716666.0
25-733.xlsx,,21984866.0,3872.6203980975865,841.7192848118228,300.0118176855895,5677.0,26119.0,7328000.0,1732407.0,1732407.0,947240.0,83000.0,Credit Enhancement/Application Fee:$15000; Cost of Issuance:$215456; Title & Recording:$68646; Taxes:$19592; Insurance:$239973; Inspections:$143500,107000.0,20252459.0
25-734.xlsx,,37931977.0,6577.419282122421,756.3251849341017,283.7897748833178,5767.0,50153.0,13366224.0,3007135.0,3007135.0,1823018.0,156600.0,Credit Enhancement/Application Fee:$15000; Cost of Issuance:$243121; Title & Recording:$112909; Taxes:$37468; Insurance:$443519; Inspections:$175500,107000.0,34924842.0
25-735.xlsx,,71580777.0,12461.834435933148,808.2013481167013,295.99626597196374,5744.0,88568.0,24183000.0,5785093.0,5785093.0,3936035.0,294250.0,Credit Enhancement/Application Fee:$15000; Cost of Issuance:$286883; Title & Recording:$221352; Taxes:$69163; Insurance:$798910; Inspections:$163500,107000.0,65795684.0
25-736.xlsx,,40032221.0,6939.195874501646,882.0972831236367,285.15008903768074,5769.0,45383.0,14039000.0,3148289.0,3148289.0,2000540.0,161000.0,Credit Enhancement/Application Fee:$15000; Cost of Issuance:$246864; Title & Recording:$85142; Taxes:$35961; Insurance:$428282; Inspections:$175500,107000.0,36883932.0
25-737.xlsx,,236456795.0,1399152.6331360948,1266.8663037712902,284.46061633535845,169.0,186647.0,83124616.0,14242000.0,14242000.0,12635000.0,535000.0,Cost of Issuance:$150000; Title & Recording:$120000; Taxes:$80000; Insurance:$602000; Construction Lender Costs Legal Etc.:$120000,218750.0,222214795.0
25-738.xlsx,,92920392.0,16619.637274190663,1039.4942611030317,236.66872498649832,5591.0,89390.0,39261796.0,3717600.0,3717600.0,2760000.0,360000.0,Cost of Issuance:$80000; Title & Recording:$100000; Taxes:$80000; Insurance:$237600; Construction Lender Costs Legal Etc.:$100000,114000.0,89202792.0
25-739.xlsx,,48266191.0,689517.0142857142,915.5021907778683,273.5554289026779,70.0,52721.0,17644026.0,3039930.0,3039930.0,2153850.0,231517.0,Cost of Issuance:$380489; Title & Recording:$90000; Other: Other Cost:$184074,143169.0,45226261.0
25-740.xlsx,,88179933.0,1062408.8313253012,1485.3608631203047,1230.0395041338454,83.0,59366.0,7168870.0,1827661.0,1827661.0,1260688.0,134830.0,Cost of Issuance:$257143; Title & Recording:$75000; Insurance:$75000; Other: Other: Lender Expense:$25000,83850.0,86352272.0
25-741.xlsx,,200879024.0,1477051.6470588236,1303.867379790217,275.50617510976684,136.0,154064.0,72912712.0,8777200.0,8777200.0,7183000.0,579500.0,Cost of Issuance:$150000; Title & Recording:$120000; Taxes:$80000; Insurance:$544700; Construction Lender Costs Legal Etc.:$120000,232000.0,192101824.0
25-742.xlsx,,67939624.0,1132327.0666666667,1382.657142275678,281.623566775166,60.0,49137.0,24124268.0,3150793.0,3150793.0,1669476.0,190703.0,Cost of Issuance:$104857; Title & Recording:$110000; Taxes:$40000; Insurance:$1000757; Lender Expenses:$35000,35000.0,64788831.0
25-743.xlsx,,149860664.0,1896970.430379747,1497.0347535088158,295.8504094092727,79.0,100105.0,50654202.0,3993208.0,3993208.0,2924789.0,529444.0,Credit Enhancement/Application Fee:$35000; Cost of Issuance:$223975; Title & Recording:$40000; Other: Other Cost:$220000; Inspection Fees:$20000,15000.0,145867456.0
25-744.xlsx,,179812643.0,788651.9429824562,889.5934922747355,256.4026030078502,228.0,202129.0,70129024.0,8778300.0,8778300.0,7160000.0,690000.0,Cost of Issuance:$120000; Title & Recording:$100000; Taxes:$80000; Insurance:$508300; Construction Lender Costs Legal Etc.:$120000,269000.0,171034343.0
25-745.xlsx,,48414279.0,1125913.465116279,796.3267759922364,256.79668168024494,43.0,60797.0,18853156.0,999255.0,999255.0,290852.0,90022.0,Bond Premium:$300000; Title & Recording:$60000; Taxes:$46170; Insurance:$187211; Other: Other: Lender rd Party Costs:$25000,346202.0,47415024.0
25-746.xlsx,,175333519.0,752504.373390558,989.7404982190335,297.18729809047136,233.0,177151.0,58997649.0,14147063.0,14147063.0,7009762.0,820727.0,Credit Enhancement/Application Fee:$558891; Cost of Issuance:$126580; Title & Recording:$285122; Other: Other Cost:$131700; Insurance:$1464281; Interest Rate Cap:$3750000,648409.0,161186456.0
25-747.xlsx,,147160601.0,25108.445828356937,992.183124325782,306.19184971642727,5861.0,148320.0,48061567.0,11151237.0,11151237.0,4515097.0,680876.0,Credit Enhancement/Application Fee:$415167; Cost of Issuance:$247977; Title & Recording:$272742; Other: Other Cost:$137188; Insurance:$1382190; Interest Rate Cap:$3500000,571708.0,136009364.0
25-748.xlsx,,101111618.0,1148995.6590909092,1041.5502791569666,276.28705325541057,88.0,97078.0,36596582.0,6304273.0,6304273.0,4736931.0,483305.0,Cost of Issuance:$181787; Title & Recording:$75000; Taxes:$67250; Insurance:$730000; Other: Other: Lender Expenses:$30000,29909.0,94807345.0
25-749.xlsx,,58204709.0,909448.578125,1083.16043248474,235.91305272651678,64.0,53736.0,24672102.0,2031600.0,2031600.0,1501908.0,168735.0,Cost of Issuance:$112957; Title & Recording:$40000; Taxes:$8000; Insurance:$200000,31000.0,56173109.0
25-750.xlsx,,31203303.0,866758.4166666666,1203.0421020164245,221.66131349693524,36.0,25937.0,14077018.0,645365.0,645365.0,532000.0,57000.0,Title & Recording:$27925; Taxes:$1955; Insurance:$5585; Bank Insepection and Fees:$20900,10000.0,30557938.0
25-751.xlsx,,35105779.0,501511.1285714286,1085.9920497432408,249.26000426015338,70.0,32326.0,14084000.0,1761881.0,1761881.0,1146922.0,117086.0,Credit Enhancement/Application Fee:$140840; Bond Premium:$62109; Title & Recording:$25000; Taxes:$25000; Insurance:$154924; Lender Inspections:$90000,192136.0,33343898.0
25-752.xlsx,,179866543.0,1199110.2866666666,1055.5610244191573,230.99673765257802,150.0,170399.0,77865404.0,6814000.0,6814000.0,5160000.0,765000.0,Cost of Issuance:$150000; Title & Recording:$50000; Taxes:$20000; Insurance:$549000; Construction Lender Costs Legal Etc.:$120000,82500.0,173052543.0
25-753.xlsx,,184479800.0,795171.551724138,767.6838377575351,817.6308853487726,232.0,240307.0,22562724.0,3355242.0,3355242.0,2269977.0,203582.0,Cost of Issuance:$436683; Title & Recording:$50000; Taxes:$20000; Insurance:$350000; Other: Other: Lender Expense:$25000,122620.0,181124558.0
25-754.xlsx,,101589280.0,17901.194713656387,1159.4434996975542,262.5676971468596,5675.0,87619.0,38690700.0,4809411.0,4809411.0,3734657.0,305409.0,Cost of Issuance:$139632; Title & Recording:$75000; Taxes:$10000; Insurance:$484713; Predevelopment loan interest:$60000,56052.0,96779869.0
25-755.xlsx,,149438974.0,1052387.1408450704,1210.1399638834228,388.7444747127059,142.0,123489.0,38441440.0,4322188.0,4322188.0,3413575.0,425000.0,Cost of Issuance:$129893; Title & Recording:$25000; Other: Other: Performance Deposit Trustee Fees Filing Fees:$328720,223300.0,145116786.0
25-756.xlsx,,69809983.0,1396199.66,1306.3734234065646,289.2445540304484,50.0,53438.0,24135280.0,3309184.0,3309184.0,1913827.0,162945.0,Credit Enhancement/Application Fee:$50000; Cost of Issuance:$103627; Title & Recording:$95000; Other: Other Cost:$123785; Insurance:$700000; Other: Other: Applicant Legal:$160000,82870.0,66500799.0
25-757.xlsx,,73945520.0,12995.697715289982,808.0947697418749,264.5952913855507,5690.0,91506.0,27946650.0,4124409.0,4124409.0,1751431.0,238302.0,Credit Enhancement/Application Fee:$35000; Cost of Issuance:$604280; Title & Recording:$50000; Insurance:$1430396; Other: Other: Construction Loan Appraisal:$15000,259991.0,69821111.0
25-758.xlsx,,104206423.0,631554.0787878787,670.9921507771954,253.61728687117377,165.0,155302.0,41088060.0,5596333.0,5596333.0,2916345.0,313336.0,Cost of Issuance:$24110; Title & Recording:$50000; Insurance:$1792542; Other: Other: Bond Underwriting Fees:$500000,353382.0,98610090.0
25-759.xlsx,,75109954.0,1001466.0533333333,636.0399187060716,247.16991426611256,75.0,118090.0,30387984.0,3444662.0,3444662.0,2524465.0,350615.0,Cost of Issuance:$281457; Title & Recording:$110000; Taxes:$78125; Legal Fees and Misc:$100000,0.0,71665292.0
25-760.xlsx,,197358296.0,1644652.4666666666,1491.083311297305,268.29445701394525,120.0,132359.0,73560333.0,10102000.0,10102000.0,8208063.0,590568.0,Bond Premium:$488520; Cost of Issuance:$266661; Title & Recording:$100000; Insurance:$403188; Construction Lender Expense:$45000,128890.0,187256296.0
25-761.xlsx,,179570216.0,1238415.2827586208,933.2395227008149,1266.5857215185015,145.0,192416.0,14177502.0,7796481.0,7796481.0,6672202.0,232487.0,Cost of Issuance:$217547; Title & Recording:$30000; Insurance:$404967; Other: Other: Specify Lender Expenses Predev Loan Interest:$239278,212580.0,171773735.0
25-762.xlsx,,71847280.0,921118.9743589744,925.425763489058,251.7290692843837,78.0,77637.0,28541511.0,3605164.0,3605164.0,2382000.0,194560.0,Cost of Issuance:$161630; Taxes:$5000; Insurance:$784474; Lender rd Party Reports:$77500,83368.0,68242116.0
25-763.xlsx,,262396500.0,49781.16107000569,547.9298874264701,271.9134715025907,5271.0,478887.0,96500000.0,20065500.0,20065500.0,17125000.0,1100000.0,Cost of Issuance:$513000; Title & Recording:$127500; Insurance:$1200000,70000.0,242331000.0
25-764.xlsx,,69320059.0,13576.196435566,924.1072747390452,253.89068835816224,5106.0,75013.0,27303112.0,2009401.0,2009401.0,1500000.0,193745.0,Credit Enhancement/Application Fee:$35000; Cost of Issuance:$178656; Title & Recording:$40000; Taxes:$42000; Inspection Fees:$20000,15000.0,67310658.0
25-765.xlsx,,147122107.0,1794172.036585366,1585.1113182136507,383.199991873526,82.0,92815.0,38393035.0,7293409.0,7293409.0,5710163.0,423299.0,Credit Enhancement/Application Fee:$12627; Bond Premium:$220920; Cost of Issuance:$50000; Title & Recording:$175000; Insurance:$631400; Other: Other: Construction Lender Counsel:$70000,272215.0,139828698.0
25-766.xlsx,,129362787.0,1293627.87,1198.1363989997221,250.51737714809036,100.0,107970.0,51638249.0,5001975.0,5001975.0,2742748.0,620822.0,Cost of Issuance:$146473; Title & Recording:$80000; Taxes:$26384; Insurance:$1121099; Other: Other: Soft Loan Accrued Deferred Interest:$264449,233680.0,124360812.0
25-767.xlsx,,76810547.0,15856.842898431049,1004.4008028872558,311.38550848676556,4844.0,76474.0,24667348.0,4201785.0,4201785.0,3088785.0,245000.0,Bond Premium:$210000; Other: Other Cost:$154500; Insurance:$450000; Other: Other: Lender reports & inspections:$53500,134000.0,72608762.0
25-768.xlsx,,89242979.00283884,537608.307246017,1094.4821374169273,253.40806426593022,166.0,81539.0,35217103.0,5845754.876077131,5361065.407630859,4183057.4247481767,0.0,Other: Other Cost:$303448; Bond Premium:$352171; Other: Other Cost_2:$387388; Title & Recording:$25000; Other: Other: Lender Inspections:$110000,300887.31149998645,83881913.59520797
25-769.xlsx,,39668170.0,6734.833616298812,1073.2729978354978,258.43573950039274,5890.0,36960.0,15349336.0,2365791.0,2365791.0,1470791.0,190000.0,Cost of Issuance:$155000; Title & Recording:$50000; Insurance:$500000,35000.0,37302379.0
25-770.xlsx,,69170384.0,1537119.6444444444,1271.514411764706,334.3791700481461,45.0,54400.0,20686212.0,4389320.0,4389320.0,3535138.0,249115.0,Credit Enhancement/Application Fee:$15000; Bond Premium:$188788; Cost of Issuance:$62279; Title & Recording:$100000; Insurance:$214000; Other: Other: Employment Reporting:$25000,25000.0,64781064.0
25-771.xlsx,,150970332.0,28393.893548993794,612.9604989098527,245.50484096526694,5317.0,246297.0,61493831.0,7745697.0,7745697.0,5967491.0,609574.0,Bond Premium:$600000; Cost of Issuance:$352805; Title & Recording:$110000; Taxes:$5827; Legal Fees and Misc:$100000,0.0,143224635.0
25-772.xlsx,,107118772.0,20169.228393899455,710.6194241740745,247.66016492709917,5311.0,150740.0,43252322.0,4816376.0,4816376.0,3938947.0,532096.0,Credit Enhancement/Application Fee:$35000; Cost of Issuance:$224333; Title & Recording:$40000; Taxes:$26000; Inspection fees:$20000,15000.0,102302396.0
25-773.xlsx,,45333504.0,925173.5510204082,597.6179390168343,286.49236957831556,49.0,75857.0,15823634.0,1403205.0,1403205.0,850000.0,222456.0,Credit Enhancement/Application Fee:$35000; Cost of Issuance:$182532; Title & Recording:$40000; Taxes:$53217; Inspection Fees:$20000,15000.0,43930299.0
25-774.xlsx,,129243803.0,471692.71167883213,1695.5788596767422,676.3319157678609,274.0,76224.0,19109523.0,3283653.0,3283653.0,2646653.0,262000.0,Cost of Issuance:$300000; Title & Recording:$75000,922023.0,125960150.0
25-775.xlsx,,76112619.0,855197.9662921348,2769.141344684567,579.3486551863012,89.0,27486.0,13137619.0,3784127.0,3784127.0,2944589.0,168129.0,Cost of Issuance:$103080; Title & Recording:$80000; Taxes:$45000; Insurance:$443329,22500.0,72328492.0
25-776.xlsx,,473936307.0,82653.69846529473,1135.8814378261004,359.2498623410566,5734.0,417241.0,131923866.0,21777301.0,21777301.0,16016345.0,943728.0,Cost of Issuance:$319228; Title & Recording:$18000; Other: Other Cost:$500000; Insurance:$1000000; Other: Other: Bond Counsel and Fees:$2980000,254612.0,452159006.0
25-777.xlsx,,151858549.0,34926.06922723091,684.189286969372,1000.069470786576,4348.0,221954.0,15184800.0,4160250.0,4160250.0,3742675.0,316575.0,Title & Recording:$75000; Inspectiona nd Monitoring:$26000,158199.0,147698299.0
25-778.xlsx,,62923040.0,511569.43089430896,820.8816354219665,261.7430948419301,123.0,76653.0,24040000.0,2829030.0,2829030.0,1593821.0,106000.0,Credit Enhancement/Application Fee:$55000; Cost of Issuance:$123085; Title & Recording:$50000; Other: Other Cost:$127124; Insurance:$750000; Lender/Investor Inspections:$24000,210000.0,60094010.0
25-779.xlsx,,185111136.0,1259259.4285714286,1191.2296792046077,250.36884036549054,147.0,155395.0,73935373.0,10262463.0,10262463.0,8262463.0,550000.0,Cost of Issuance:$750000; Insurance:$700000,1350000.0,174848673.0
25-780.xlsx,,332853753.0,1113223.254180602,1844.5351890232414,605.9708951555644,299.0,180454.0,54929000.0,8757751.0,8757751.0,6327000.0,543850.0,Credit Enhancement/Application Fee:$22200; Cost of Issuance:$642400; Title & Recording:$147250; Other: Other Cost:$254670; Insurance:$640381; Other: Other: Lender Application / DD / Inspection:$180000,0.0,324096002.0
25-781.xlsx,,84736553.0,1176896.5694444445,1023.9695600159511,1423.1367889274984,72.0,82753.0,5954210.0,2700002.0,2700002.0,2200538.0,82310.0,Bond Premium:$26000; Cost of Issuance:$135582; Title & Recording:$30000; Taxes:$30000; Insurance:$150572; Other: Other: Lender Expenses:$45000,136330.0,82036551.0
25-782.xlsx,,124463015.0,995704.12,1057.6215139103685,326.1862766279854,125.0,117682.0,38157036.0,5807647.0,5807647.0,4530000.0,1232647.0,Title & Recording:$45000,874838.0,118655368.0
25-783.xlsx,,64425642.0,11079.216165090284,737.3210876879764,957.6095272168718,5815.0,87378.0,6727757.0,1092655.0,1092655.0,608355.0,195800.0,Title & Recording:$40000; Insurance:$58500; Costs of Issuance:$190000,239680.0,63332987.0
25-784.xlsx,,190102481.0,1653065.052173913,1008.4584261675897,258.31888184197413,115.0,188508.0,73592174.0,11610889.0,11610889.0,8421656.0,967480.0,Cost of Issuance:$275328; Title & Recording:$80000; Insurance:$1846425; Other: Other: Lender Expenses:$20000,237730.0,178491592.0
25-785.xlsx,,18728092.0,936404.6,880.4932769158439,324.0695936379679,20.0,21270.0,5779034.0,1127508.0,1127508.0,699754.0,71756.0,Cost of Issuance:$53827; Title & Recording:$80000; Taxes:$20000; Insurance:$202171,22500.0,17600584.0
25-786.xlsx,,154107263.0,1295019.0168067226,1064.644303972366,255.83008284519843,119.0,144750.0,60238132.0,8491219.0,8491219.0,5691911.0,571206.0,Cost of Issuance:$357622; Title & Recording:$80000; Taxes:$75000; Insurance:$1715480,22500.0,145616044.0
25-787.xlsx,,178216740.0,1425733.92,2639.739605705568,1120.5428652268226,125.0,67513.0,15904500.0,5212080.0,5212080.0,3927000.0,343850.0,Credit Enhancement/Application Fee:$22200; Cost of Issuance:$542400; Title & Recording:$147250; Taxes:$8999; Insurance:$140381; Other: Other: Lender Application / DD / Inspection:$80000,0.0,173004660.0
25-788.xlsx,,267706690.0,1058129.209486166,1269.0708566606777,319.55360014807246,253.0,210947.0,83775207.0,13684592.0,13684592.0,9871883.0,830758.0,Cost of Issuance:$485033; Title & Recording:$80000; Taxes:$75000; Insurance:$2341918,22500.0,254022098.0
25-789.xlsx,,52614739.0,974347.0185185185,1386.9708448662186,253.9498238221899,54.0,37935.0,20718557.0,2619785.0,2619785.0,1610670.0,171813.0,Bond Premium:$176859; Cost of Issuance:$205443; Title & Recording:$100000; Taxes:$8000; Insurance:$297000; Lender Expenses:$50000,63270.0,49994954.0
25-790.xlsx,,196778163.0,851853.5194805195,749.6139631094146,565.494465988113,231.0,262506.0,34797540.0,5559361.0,5559361.0,3977260.0,337500.0,Credit Enhancement/Application Fee:$45000; Cost of Issuance:$506250; Title & Recording:$112500; Other: Other Cost:$191970; Insurance:$308881; Other: Other: Lender Application / DD / Inspection:$80000,0.0,191218802.0
25-791.xlsx,,71961102.0,1262475.4736842106,2280.6421576395273,320.8546391566414,57.0,31553.0,22427945.0,3652766.0,3652766.0,1918917.0,0.0,Cost of Issuance:$685767; Title & Recording:$80000; Taxes:$33350; Insurance:$478364; Other: Other: Accrued/Deferred Interest - Soft Loans:$456368,142290.0,68308336.0
25-792.xlsx,,66806592.0,13912.243231986673,757.5130624092889,252.1367880716345,4802.0,88192.0,26496170.0,2175486.0,2175486.0,1500000.0,346684.0,Credit Enhancement/Application Fee:$35000; Cost of Issuance:$199302; Title & Recording:$40000; Taxes:$34500; Inspection Fees:$20000,15000.0,64631106.0
25-793.xlsx,,112953624.0,862241.4045801527,688.5904557536151,306.8569613219414,131.0,164036.0,36809862.0,3786300.0,3786300.0,3132000.0,383000.0,Cost of Issuance:$80000; Title & Recording:$60000; Taxes:$15000; Insurance:$116300,125000.0,109167324.0
25-794.xlsx,,138064331.0,645160.4252336449,597.4353880438781,268.4529792504373,214.0,231095.0,51429614.0,8481108.0,8481108.0,1953531.0,594750.0,Credit Enhancement/Application Fee:$137500; Bond Premium:$1560506; Title & Recording:$111000; Other: Other Cost:$100000; Insurance:$1975000; Other: Other: Const Loan Interest Soft Debt:$2048821,4029071.0,129583223.0
25-795.xlsx,,244455089.0,1228417.5326633167,922.1171058686845,293.12512094382095,199.0,265102.0,83396158.0,15550839.0,15550839.0,11380839.0,1080000.0,Bond Premium:$650000; Cost of Issuance:$540000; Title & Recording:$150000; Other: Other Cost:$250000; Insurance:$1500000,386250.0,228904250.0
25-796.xlsx,,149641387.0,2078352.5972222222,1950.7161554405495,545.5229744739976,72.0,76711.0,27430813.0,6918598.0,6918598.0,5419256.0,140525.0,Bond Premium:$154669; Cost of Issuance:$387248; Title & Recording:$117900; Insurance:$650000; Other: Other: Lender Expenses:$49000,293186.0,142722789.0
25-797.xlsx,,85778016.0,1021166.8571428572,1733.7648509348155,1403.778802024316,84.0,49475.0,6110508.0,450000.0,450000.0,150000.0,25000.0,Cost of Issuance:$250000; Lender Inspection Fees:$25000,237000.0,85328016.0
25-798.xlsx,,184934733.0,684943.4555555555,654.4972147508494,251.30617707085844,270.0,282560.0,73589410.0,9306240.0,9306240.0,4100800.0,1001950.0,Credit Enhancement/Application Fee:$1578000; Bond Premium:$140490; Title & Recording:$140000; Taxes:$65000; Insurance:$2280000,4632693.0,175628493.0
25-799.xlsx,,174964319.0,32981.02148916117,1064.752069083031,355.20687000553426,5305.0,164324.0,49257020.0,10916305.0,10916305.0,7205759.0,680000.0,Credit Enhancement/Application Fee:$28267; Bond Premium:$605414; Cost of Issuance:$400000; Title & Recording:$167772; Insurance:$754093; Other: Other: Construction Rate Cap Premium:$1075000,115000.0,164048014.0
25-800.xlsx,,101664559.0,819875.4758064516,961.4215369193524,769.6751519938053,124.0,105744.0,13208762.0,4054345.0,4054345.0,1016315.0,196631.0,Cost of Issuance:$194398; Title & Recording:$100000; Insurance:$325000; Accrued Interest - Existing Public Loans:$2222001,70000.0,97610214.0
25-801.xlsx,,140649571.0,884588.4968553459,1226.7306068693636,528.8677544191613,159.0,114654.0,26594469.0,2637455.0,2637455.0,1751068.0,267496.0,Cost of Issuance:$121209; Title & Recording:$75000; Insurance:$339682; Other: Other: Inspection & Bond Counsel:$83000,162639.0,138012116.0
25-802.xlsx,,97719204.0,1149637.6941176471,1300.3220758483035,285.73185817455624,85.0,75150.0,34199618.0,5298906.0,5298906.0,3664373.0,337724.0,Cost of Issuance:$211982; Title & Recording:$80000; Taxes:$25000; Insurance:$979827,22500.0,92420298.0
25-803.xlsx,,205707711.0,35151.69360902256,774.1769212096578,284.03083186156937,5852.0,265711.5,72424430.0,9699260.0,9699260.0,6556864.0,748060.0,Credit Enhancement/Application Fee:$7500; Bond Premium:$1078956; Cost of Issuance:$57250; Title & Recording:$25000; Other: Other Cost:$344321; Insurance:$851309; Lender Inspections:$30000,693164.0,196008451.0
25-804.xlsx,,95658261.0,902436.4245283019,1041.4163890521916,1018.6680869638463,106.0,91854.0,9390523.0,3052115.0,3052115.0,2139803.0,363881.0,Bond Premium:$93783; Cost of Issuance:$304648; Title & Recording:$150000,479625.0,92606146.0
25-805.xlsx,,133697910.0,1226586.3302752294,1138.591003542717,278.77550293596687,109.0,117424.0,47958988.0,9498195.0,9498195.0,7911230.0,660095.0,Bond Premium:$408435; Title & Recording:$60000; Insurance:$408435; Construction Lender Legal:$50000,576031.0,124199715.0
25-806.xlsx,,109966514.0,436375.05555555556,825.1508575645565,306.3377799637765,252.0,133268.3751,35897144.0,5578562.0,5578562.0,3820109.0,449045.0,Credit Enhancement/Application Fee:$7500; Bond Premium:$531437; Cost of Issuance:$49143; Title & Recording:$25000; Other: Other Cost:$238423; Insurance:$427905; Lender Inspections:$30000,455995.0,104387952.0
25-807.xlsx,,125109837.0,1737636.625,2157.9218828155995,255.00164851412376,72.0,57977.0,49062364.0,8014500.0,8014500.0,6995000.0,404500.0,Cost of Issuance:$360000; Title & Recording:$130000; Other: Other Cost:$125000,250341.0,117095337.0
25-808.xlsx,,45576017.0,8175.070313901345,1259.49309125076,389.3792608631613,5575.0,36186.0,11704788.0,7084647.0,7084647.0,1878590.0,139219.0,Cost of Issuance:$100619; Title & Recording:$80000; Taxes:$25000; Insurance:$361219; Master Developer Infrastructure Cost Allocation:$4500000,22500.0,38491370.0
25-809.xlsx,,155924955.0,1658776.1170212766,1582.1913242009132,229.16218164635035,94.0,98550.0,68041312.0,3373832.0,3373832.0,2102837.0,349816.0,Cost of Issuance:$465474; Title & Recording:$61233; Taxes:$88309; Insurance:$306163,110294.0,152551123.0
25-810.xlsx,,60990550.0,13568.53170189099,305.1678933648222,271.6183838428823,4495.0,199859.0,22454500.0,2224910.0,2224910.0,1400000.0,293000.0,Credit Enhancement/Application Fee:$25000; Title & Recording:$64000; Other: Other Cost:$120000; Insurance:$310910; Other: Other: Inspections:$12000,246820.0,58765640.0
25-811.xlsx,,133349199.0,1041790.6171875,1046.6148575465033,1407.8251583614865,128.0,127410.0,9472000.0,1879778.0,1879778.0,1310652.0,128913.0,Cost of Issuance:$120213; Title & Recording:$45000; Insurance:$250000; Other: Other: Lender Expenses:$25000,25000.0,131469421.0
25-812.xlsx,,59161710.0,1286124.1304347827,1257.422104144527,288.9727267647439,46.0,47050.0,20473112.0,3179324.0,3179324.0,2188430.0,193604.0,Credit Enhancement/Application Fee:$15000; Bond Premium:$186889; Cost of Issuance:$48401; Title & Recording:$100000; Other: Other Cost:$105000; Insurance:$317000; Employment Reporting:$25000,25000.0,55982386.0
25-813.xlsx,,153337146.0,26783.78096069869,595.2344104220366,288.0094209796586,5725.0,257608.0,53240323.0,10505500.0,10505500.0,8033500.0,710000.0,Cost of Issuance:$462000; Title & Recording:$100000; Insurance:$1200000,70000.0,142831646.0
25-814.xlsx,,37778008.0,8994.763809523809,1408.6810351256618,251.78557241916178,4200.0,26818.0,15004040.0,2152311.0,2152311.0,1291851.0,240455.0,Bond Premium:$150002; Cost of Issuance:$110000; Title & Recording:$60000; Other: Other: Builders Risk:$300003,32995.0,35625697.0
25-815.xlsx,,87681807.0,18097.380185758513,802.4418237091413,283.28837849209623,4845.0,109268.74,30951431.0,3693680.0,3693680.0,2281699.0,307845.0,Credit Enhancement/Application Fee:$7500; Bond Premium:$458031; Cost of Issuance:$46475; Title & Recording:$25000; Other: Other Cost:$178548; Insurance:$358582; Lender Inspections:$30000,357428.0,83988127.0
25-816.xlsx,,191060625.0,1447428.9772727273,1747.782803981119,283.39191603249293,132.0,109316.0,67419222.0,15108858.0,15108858.0,11608032.0,589523.0,Cost of Issuance:$176303; Title & Recording:$30000; Taxes:$20000; Insurance:$2640000; Lender Expenses:$45000,325643.0,175951767.0
25-817.xlsx,,59802501.0,1220459.2040816327,1558.452583848018,246.7557962493037,49.0,38373.0,24235500.0,1634917.0,1634917.0,1098827.0,190500.0,Credit Enhancement/Application Fee:$12500; Bond Premium:$75000; Title & Recording:$28000; Taxes:$55000; Insurance:$175090,220750.0,58167584.0
25-818.xlsx,,39209283.0,8168.600625,706.4099270336005,235.57983229124955,4800.0,55505.0,16643735.0,793672.0,793672.0,500000.0,183682.0,Credit Enhancement/Application Fee:$35000; Title & Recording:$40000; Taxes:$14990; Inspection Fees:$20000,192297.0,38415611.0
25-819.xlsx,,157964749.0,655455.3900414938,751.5387812516027,261.639669503181,241.0,210188.42,60374923.0,7021752.0,7021752.0,4380790.0,608062.0,Credit Enhancement/Application Fee:$7500; Bond Premium:$898994; Cost of Issuance:$53886; Title & Recording:$25000; Other: Other Cost:$312207; Insurance:$705313; Lender Inspections:$30000,571127.0,150942997.0
25-820.xlsx,,57336007.0,1592666.861111111,3229.651720835915,246.60980167173864,36.0,17753.0,23249687.0,2647691.0,2647691.0,1564641.0,303000.0,Bond Premium:$194360; Cost of Issuance:$30154; Title & Recording:$72224; Taxes:$72327; Insurance:$326435; Lender expenses:$84550,349356.0,54688316.0
25-821.xlsx,,153020097.0,1020133.98,1934.294416564487,236.76725998886968,150.0,79109.0,64628909.0,5790788.0,5790788.0,3786441.0,306983.0,Cost of Issuance:$331364; Title & Recording:$275000; Taxes:$15000; Insurance:$1020000; Other: Other: Lender Expenses:$56000,203168.0,147229309.0
25-822.xlsx,,221670798.0,1862779.8151260505,1472.8271641850545,245.2658782861811,119.0,150507.0,90379795.0,10834293.0,10834293.0,7534895.0,468744.0,Cost of Issuance:$269987; Title & Recording:$30000; Taxes:$52102; Insurance:$1900418; Predevelopment loan costs:$578147,62500.0,210836505.0
25-823.xlsx,,205300869.0,1016340.9356435643,1275.2953355323232,248.5174435688939,202.0,160983.0,82610245.0,8927281.0,8927281.0,6719786.0,602923.0,Bond Premium:$93751; Cost of Issuance:$274571; Title & Recording:$85000; Taxes:$86250; Insurance:$350000; Other: Other: Soils and Survey Deputy Inspections Prevailing Wage Consultant Utilty Connection Fee:$715000,254596.0,196373588.0
25-824.xlsx,,70595683.0,735371.6979166666,740.6332801779307,244.11816636543085,96.0,95318.0,28918652.0,3664293.0,3664293.0,2327000.0,288557.0,Cost of Issuance:$168460; Taxes:$5000; Insurance:$818276; Lender Third Party Reports:$57000,95500.0,66931390.0
25-825.xlsx,,96371876.0,609948.582278481,743.9086361811839,261.4661571110519,158.0,129548.0,36858260.0,6228345.0,6228345.0,4113566.0,462000.0,Cost of Issuance:$492440; Title & Recording:$130000; Insurance:$528906; Consultants CM LEED Utilities Sp. Ins. etc.:$501433,150321.0,90143531.0
25-826.xlsx,,246794921.0,46830.15578747628,825.7289570154131,294.50410615549754,5270.0,298881.272,83800163.0,11880840.0,11880840.0,8141440.0,904751.0,Credit Enhancement/Application Fee:$7500; Bond Premium:$1249592; Cost of Issuance:$61330; Title & Recording:$25000; Other: Other Cost:$480089; Insurance:$981138; Lender Inspections:$30000,805774.0,234914081.0
25-827.xlsx,,132695125.0,861656.6558441558,848.1685725060563,463.9689685314686,154.0,156449.0,28600000.0,2815875.0,2815875.0,2345000.0,335000.0,Bond Premium:$21875; Cost of Issuance:$15000; Title & Recording:$75000; Other: Other: Bank consulting - Const inspection:$24000,10000.0,129879250.0
25-828.xlsx,,162324453.0,811622.265,1532.895659810754,450.9012583333333,200.0,105894.0,36000000.0,7956700.0,7956700.0,7033400.0,624300.0,Title & Recording:$200000; Taxes:$75000; Inspections:$24000,154353.0,154367753.0
25-829.xlsx,,123106136.0,1109064.2882882883,1299.602390051306,1481.8939996636714,111.0,94726.0,8307351.0,2947477.0,2947477.0,2037086.0,318800.0,Credit Enhancement/Application Fee:$102340; Bond Premium:$82251; Title & Recording:$100000; Taxes:$2000; Insurance:$200000; Other: Other: Construction Monitoring/Admin:$105000,186500.0,120158659.0
25-830.xlsx,,151624262.0,861501.4886363636,1106.7464379562043,269.8592636822338,176.0,137000.0,56186421.0,8497568.0,8530037.0,4129528.0,482509.0,Title & Recording:$100000; Other: Other Cost:$604000; Insurance:$1874000; Other: Other: capitalized int on b bonds:$1340000,1093108.0,143094225.0
25-831.xlsx,,95014251.0,989731.78125,2459.597488998188,975.3582518124571,96.0,38630.0,9741472.0,3558305.0,3558305.0,2346893.0,665071.0,Bond Premium:$131510; Title & Recording:$82081; Taxes:$17500; Insurance:$200000; Other: Other: Third-Party Reports:$115250,62160.0,91455946.0
25-832.xlsx,,167675034.0,28487.09378185525,757.8532610169492,278.91051677488184,5886.0,221250.0,60117860.0,7338188.0,7338188.0,4670050.0,633761.0,Credit Enhancement/Application Fee:$7500; Bond Premium:$895138; Cost of Issuance:$54272; Title & Recording:$25000; Other: Other Cost:$317332; Insurance:$705135; Lender Inspections:$30000,611599.0,160336846.0
25-833.xlsx,,212600808.0,949110.75,908.7951371523102,476.04397939995806,224.0,233937.0,44659909.0,8990485.0,8990485.0,6834278.0,472912.0,Cost of Issuance:$503295; Title & Recording:$70000; Taxes:$25000; Insurance:$1060000; Other: Other: Const Lender Expenses:$25000,222370.0,203610323.0
25-834.xlsx,,159960731.0,1615764.9595959596,831.5263866507252,311.9299964113394,99.0,192370.0,51280971.0,8906588.0,8906588.0,7855738.0,408750.0,Credit Enhancement/Application Fee:$25000; Cost of Issuance:$257100; Title & Recording:$35000; Other: Other Cost:$200000; Other: Other: Lender Inspections:$125000,32500.0,151054143.0
25-835.xlsx,,108376926.0,1371859.82278481,1605.346259813361,272.86061379467606,79.0,67510.0,39718787.0,4329172.0,4329172.0,2596786.0,334434.0,Cost of Issuance:$185360; Title & Recording:$105000; Taxes:$88689; Insurance:$938903; Other: Other: Lender Costs:$80000,136150.0,104047754.0
25-836.xlsx,,200241366.0,34764.12604166667,696.5474316206166,277.80173534723417,5760.0,287477.0,72080675.0,12528322.0,12528322.0,8406087.0,860827.0,Credit Enhancement/Application Fee:$25000; Cost of Issuance:$215515; Title & Recording:$50000; Other: Other Cost:$232500; Insurance:$1841966; Lender Const Insp Soft Debt Fees:$896427,542249.0,187713044.0
25-837.xlsx,,165682950.0,1380691.25,1393.4998359924978,303.99298538767994,120.0,118897.0,54502228.0,9895317.0,9895317.0,7190696.0,600965.0,Credit Enhancement/Application Fee:$51175; Cost of Issuance:$426606; Title & Recording:$80000; Taxes:$30000; Insurance:$1330628; Other: Other: Accured Interest - Inglewood HOME ARP:$185247,140939.0,155787633.0
